USE BookingService

Go

INSERT INTO [BookingPackage] (BookingID,UserID,ProfileID,Price,BookingTime,ServicePackageID,AppoinmentTime,BookingStatus) VALUES ('49ee4164-c400-489c-a5e3-869eade2abfe','63da4fe0-de4d-4c8e-b8c8-ec3202c20038','e1d2bbb8-d3ac-4806-bc85-41a2630433e9','600000','2023-07-28 13:32:12.0000000','27e602df-1020-46ae-b9ad-1ddd2ac658de','8/2/2023','1');
INSERT INTO [BookingPackage] (BookingID,UserID,ProfileID,Price,BookingTime,ServicePackageID,AppoinmentTime,BookingStatus) VALUES ('1fd049c7-ab2b-44c2-a62c-90ab72a02aed','42ce372a-7078-4a4c-93a3-c5000d58bff1','45a9d235-0845-42e8-854b-ca62ac06ba0e','100000','2023-08-01 13:32:12.0000001','e8d74a74-6b6a-47a3-a0e6-1e14d302960a','8/3/2023','2');
INSERT INTO [BookingPackage] (BookingID,UserID,ProfileID,Price,BookingTime,ServicePackageID,AppoinmentTime,BookingStatus) VALUES ('5164308e-39f5-4115-b170-f5de6b9a6914','c36a9563-e078-4826-a2eb-ce8d9e70eb64','bbb518fe-c93d-4845-ab2b-db4bb8aa964f','300000','2023-07-23 09:12:12.0000001','f63d4de0-1373-422b-a8c6-23c7fa9c9e56','8/2/2023','3');
INSERT INTO [BookingPackage] (BookingID,UserID,ProfileID,Price,BookingTime,ServicePackageID,AppoinmentTime,BookingStatus) VALUES ('f84fedc1-6d34-413e-b092-531471349775','f5dfd1eb-e828-4903-aaa9-ddd60642ef0e','77942dd9-ad18-49f2-8d4a-f0d7ecd616fd','200000','2023-07-24 11:22:12.0000001','1c468121-5123-4aad-8ff7-25e7c87d8a67','8/3/2023','1');
INSERT INTO [BookingPackage] (BookingID,UserID,ProfileID,Price,BookingTime,ServicePackageID,AppoinmentTime,BookingStatus) VALUES ('243971ab-a977-4df2-99ea-650e472c1d39','bd64eb6b-1993-4ad7-ad81-f70eab00d869','245cd364-da20-4cc9-b97c-f659a4c73f8a','700000','2023-07-25 14:14:12.0000001','a0f83102-7fb5-425f-8d72-31b76b17f252','8/4/2023','1');
INSERT INTO [BookingPackage] (BookingID,UserID,ProfileID,Price,BookingTime,ServicePackageID,AppoinmentTime,BookingStatus) VALUES ('408a0b0e-0aa1-40d6-a346-1a859df17dd2','25fec2c5-87c1-4ec4-9014-9515e5d8863b','9b5a9fab-8f64-449e-bd5d-ff9bba314431','450000','2023-07-26 07:11:12.0000001','b03b17d3-8cf2-46a7-9fee-33fa55779619','8/25/2023','2');
INSERT INTO [BookingPackage] (BookingID,UserID,ProfileID,Price,BookingTime,ServicePackageID,AppoinmentTime,BookingStatus) VALUES ('3284458c-dc9c-4637-acd1-eaa4bc95ba9d','42ce372a-7078-4a4c-93a3-c5000d58bff1','35c78e79-f9ff-4d18-87a1-70a206e6fddb','800000','2023-07-27 09:12:12.0000001','b00b0d4c-b1a1-42f6-9c1a-3d5b5c53648c','8/26/2023','3');
INSERT INTO [BookingPackage] (BookingID,UserID,ProfileID,Price,BookingTime,ServicePackageID,AppoinmentTime,BookingStatus) VALUES ('32abc061-d96c-43e3-bffd-2f9f15668ca2','42ce372a-7078-4a4c-93a3-c5000d58bff1','e09510d0-98a0-47f9-a332-73cb75742b0b','800000','2023-07-28 21:21:12.0000001','a5d3d2d7-1274-4447-80f8-42a074350fbc','8/4/2023','2');
INSERT INTO [BookingPackage] (BookingID,UserID,ProfileID,Price,BookingTime,ServicePackageID,AppoinmentTime,BookingStatus) VALUES ('093e153d-24a3-4d0b-802f-88d4cf83604d','c36a9563-e078-4826-a2eb-ce8d9e70eb64','874e674c-7cc1-4551-8a58-75f2378f9aa7','600000','2023-07-29 06:37:12.0000001','8ed52064-8ed1-42d4-aa67-44348c96c960','8/25/2023','3');
INSERT INTO [BookingPackage] (BookingID,UserID,ProfileID,Price,BookingTime,ServicePackageID,AppoinmentTime,BookingStatus) VALUES ('767584ff-ee35-4a0e-9259-d1c11fd15815','c36a9563-e078-4826-a2eb-ce8d9e70eb64','293d15fa-12e0-4408-b194-8312375bcaaa','1000000','2023-07-23 09:12:12.0000001','0e09d0da-2471-4ffe-9156-46a21c86afcb','8/2/2023','1');
INSERT INTO [BookingPackage] (BookingID,UserID,ProfileID,Price,BookingTime,ServicePackageID,AppoinmentTime,BookingStatus) VALUES ('a2fa9dac-1204-4ee9-a763-98b84948e45c','bd64eb6b-1993-4ad7-ad81-f70eab00d869','e07f41eb-00b0-4dc3-8c08-98c02956d4e7','600000','2023-07-24 11:22:12.0000001','27e602df-1020-46ae-b9ad-1ddd2ac658de','8/3/2023','2');
INSERT INTO [BookingPackage] (BookingID,UserID,ProfileID,Price,BookingTime,ServicePackageID,AppoinmentTime,BookingStatus) VALUES ('2e5951b6-36be-4047-ac2b-6eaba9edabc0','bd64eb6b-1993-4ad7-ad81-f70eab00d869','d67add11-294e-464d-8809-a9ae3194109a','100000','2023-07-25 14:14:12.0000001','e8d74a74-6b6a-47a3-a0e6-1e14d302960a','8/4/2023','3');
INSERT INTO [BookingPackage] (BookingID,UserID,ProfileID,Price,BookingTime,ServicePackageID,AppoinmentTime,BookingStatus) VALUES ('62668640-6ea9-443c-8f9c-3a4492a784cb','25fec2c5-87c1-4ec4-9014-9515e5d8863b','2ad38fef-416b-401d-8885-b719cdabc0fa','300000','2023-07-26 07:11:12.0000001','f63d4de0-1373-422b-a8c6-23c7fa9c9e56','8/25/2023','1');
INSERT INTO [BookingPackage] (BookingID,UserID,ProfileID,Price,BookingTime,ServicePackageID,AppoinmentTime,BookingStatus) VALUES ('c3eab76c-4c71-4a84-80f7-2b5de66cb80b','25fec2c5-87c1-4ec4-9014-9515e5d8863b','488de21c-8552-468e-b293-cbbfea3ba55b','200000','2023-07-27 09:12:12.0000001','1c468121-5123-4aad-8ff7-25e7c87d8a67','8/26/2023','2');
INSERT INTO [BookingPackage] (BookingID,UserID,ProfileID,Price,BookingTime,ServicePackageID,AppoinmentTime,BookingStatus) VALUES ('fad10dfe-63a1-41e2-a3e2-40bd26f28fd5','63da4fe0-de4d-4c8e-b8c8-ec3202c20038','6946f661-40d9-45e7-8527-5045522dd8c5','700000','2023-07-28 21:21:12.0000001','a0f83102-7fb5-425f-8d72-31b76b17f252','8/26/2023','3');
INSERT INTO [BookingPackage] (BookingID,UserID,ProfileID,Price,BookingTime,ServicePackageID,AppoinmentTime,BookingStatus) VALUES ('f753fb92-0700-495f-a00f-61d1c08e3520','63da4fe0-de4d-4c8e-b8c8-ec3202c20038','9132f03d-c300-4725-b35a-7e364631eb7c','450000','2023-07-29 06:37:12.0000001','b03b17d3-8cf2-46a7-9fee-33fa55779619','8/2/2023','1');
INSERT INTO [BookingPackage] (BookingID,UserID,ProfileID,Price,BookingTime,ServicePackageID,AppoinmentTime,BookingStatus) VALUES ('30e4e8dd-30e5-41da-882a-14566a572bfd','63da4fe0-de4d-4c8e-b8c8-ec3202c20038','d88c45d5-382a-4a86-977c-8092c14e83f9','800000','2023-07-23 09:12:12.0000001','b00b0d4c-b1a1-42f6-9c1a-3d5b5c53648c','8/2/2023','1');
INSERT INTO [BookingPackage] (BookingID,UserID,ProfileID,Price,BookingTime,ServicePackageID,AppoinmentTime,BookingStatus) VALUES ('30b9ad71-552d-4851-9cb5-31625264258a','abac9d62-375e-42e9-898d-648864d34985','350af705-bd31-40ab-8b0f-3a064d4e3df9','800000','2023-07-24 11:22:12.0000001','a5d3d2d7-1274-4447-80f8-42a074350fbc','8/3/2023','2');
INSERT INTO [BookingPackage] (BookingID,UserID,ProfileID,Price,BookingTime,ServicePackageID,AppoinmentTime,BookingStatus) VALUES ('42b451f5-aaad-44e3-85f2-a9db90a939ed','ec3bdeb1-dfc1-442f-8b4b-68ee68cbc848','ac9c04ad-885e-4c73-b035-3e53b5e34284','600000','2023-07-25 14:14:12.0000001','8ed52064-8ed1-42d4-aa67-44348c96c960','8/4/2023','3');
INSERT INTO [BookingPackage] (BookingID,UserID,ProfileID,Price,BookingTime,ServicePackageID,AppoinmentTime,BookingStatus) VALUES ('32ba4176-cf22-45bf-a101-c1bcaab3a8dc','9248a7b5-d937-48db-abe6-8ffeb3bf0d0e','295c36f4-54d7-4183-b6b1-450054047200','1000000','2023-07-26 07:11:12.0000001','0e09d0da-2471-4ffe-9156-46a21c86afcb','8/25/2023','2');
INSERT INTO [BookingPackage] (BookingID,UserID,ProfileID,Price,BookingTime,ServicePackageID,AppoinmentTime,BookingStatus) VALUES ('9ad21c22-be8c-4333-a4ea-f7c199ca7323','6cc6f27f-ac78-464e-a519-a56798e38ae9','cd3e7605-81ac-4a97-9ca3-58ed958fb4b6','600000','2023-07-27 09:12:12.0000001','27e602df-1020-46ae-b9ad-1ddd2ac658de','8/26/2023','3');
INSERT INTO [BookingPackage] (BookingID,UserID,ProfileID,Price,BookingTime,ServicePackageID,AppoinmentTime,BookingStatus) VALUES ('3f13d031-30b2-4577-92a6-e0e50ac53232','3480d242-8d09-43e8-910d-adbd9cb84012','ca44f559-803f-4daf-b024-9c870c62318e','100000','2023-07-28 21:21:12.0000001','e8d74a74-6b6a-47a3-a0e6-1e14d302960a','8/2/2023','1');
INSERT INTO [BookingPackage] (BookingID,UserID,ProfileID,Price,BookingTime,ServicePackageID,AppoinmentTime,BookingStatus) VALUES ('df648eed-1daa-4f5c-8558-18a0e90f1137','be694904-b294-4c51-a0c4-db8ce8537dea','6ac68c37-0ae3-478f-9c22-9cf22fa3db1c','300000','2023-07-29 06:37:12.0000001','f63d4de0-1373-422b-a8c6-23c7fa9c9e56','8/3/2023','2');
INSERT INTO [BookingPackage] (BookingID,UserID,ProfileID,Price,BookingTime,ServicePackageID,AppoinmentTime,BookingStatus) VALUES ('75835d6f-18d0-48b8-b925-dad1f91ef107','bb974f0d-9383-4502-bb94-fc1d0fc3eab6','9ad897ac-89d2-4ef0-be64-a7d58dfd5f8d','200000','2023-07-23 09:12:12.0000001','1c468121-5123-4aad-8ff7-25e7c87d8a67','8/4/2023','3');
INSERT INTO [BookingPackage] (BookingID,UserID,ProfileID,Price,BookingTime,ServicePackageID,AppoinmentTime,BookingStatus) VALUES ('a1bcc8b1-82b8-479a-95e9-a23fe77c10a2','420f4420-7e8b-4100-943a-fededd5c4cde','f2427dc3-481e-4e31-8f81-d06526bdaf58','700000','2023-07-24 11:22:12.0000001','a0f83102-7fb5-425f-8d72-31b76b17f252','8/25/2023','1');
INSERT INTO [BookingPackage] (BookingID,UserID,ProfileID,Price,BookingTime,ServicePackageID,AppoinmentTime,BookingStatus) VALUES ('2a31a68f-eb94-43c5-9edb-141294a1e55f','e304370f-3f72-44f1-af0e-6daaa9954ef8','1e7028e1-356c-429b-b5e1-1b6b130d5871','450000','2023-07-25 14:14:12.0000001','b03b17d3-8cf2-46a7-9fee-33fa55779619','8/26/2023','2');
INSERT INTO [BookingPackage] (BookingID,UserID,ProfileID,Price,BookingTime,ServicePackageID,AppoinmentTime,BookingStatus) VALUES ('a5ceee77-0cd4-44af-9b8b-24f900b50c3c','6057ce03-8923-47b0-b0cf-8bcb07f06b44','9a910220-9883-4b23-b0e2-1ecab6c46275','800000','2023-07-26 07:11:12.0000001','b00b0d4c-b1a1-42f6-9c1a-3d5b5c53648c','8/25/2023','3');
INSERT INTO [BookingPackage] (BookingID,UserID,ProfileID,Price,BookingTime,ServicePackageID,AppoinmentTime,BookingStatus) VALUES ('1a326282-cc3d-425d-b87a-8246dd29e321','9b0a2802-cac5-488f-843d-91d3adb99fbf','81a9cc52-7b67-4a61-8bcc-3782be771fce','800000','2023-07-27 09:12:12.0000001','a5d3d2d7-1274-4447-80f8-42a074350fbc','8/26/2023','1');
INSERT INTO [BookingPackage] (BookingID,UserID,ProfileID,Price,BookingTime,ServicePackageID,AppoinmentTime,BookingStatus) VALUES ('87861bed-6f60-4638-bffc-c91bd9c56673','50e7bae7-3a74-4232-ab4c-a30214f6c6b9','57d380f2-9ce4-4d07-9100-37b0dc0e32af','600000','2023-07-28 21:21:12.0000001','8ed52064-8ed1-42d4-aa67-44348c96c960','8/2/2023','1');
INSERT INTO [BookingPackage] (BookingID,UserID,ProfileID,Price,BookingTime,ServicePackageID,AppoinmentTime,BookingStatus) VALUES ('920482a5-44fe-43fc-93c6-61d84b20bde3','9cce93e4-f88e-47fa-93ce-a6ec0569f76b','0231f164-2680-42f5-84fb-5f07428eaddd','1000000','2023-07-29 06:37:12.0000001','0e09d0da-2471-4ffe-9156-46a21c86afcb','8/3/2023','2');
INSERT INTO [BookingPackage] (BookingID,UserID,ProfileID,Price,BookingTime,ServicePackageID,AppoinmentTime,BookingStatus) VALUES ('d9d64778-b17a-4f00-bbec-1bbfb832c945','bdd1b27d-5fbf-4a35-a5f4-b8cd47de498c','f3575ab5-1d36-426c-888c-6415324c3f0d','600000','2023-07-23 09:12:12.0000001','27e602df-1020-46ae-b9ad-1ddd2ac658de','8/4/2023','3');
INSERT INTO [BookingPackage] (BookingID,UserID,ProfileID,Price,BookingTime,ServicePackageID,AppoinmentTime,BookingStatus) VALUES ('8b52265e-6196-470c-acc9-a3ae6752391e','fe9c4099-9b05-45dd-a299-c408ba574878','4b6f23f7-a4e2-47d8-a933-83d52ba8d9b7','100000','2023-07-24 11:22:12.0000001','e8d74a74-6b6a-47a3-a0e6-1e14d302960a','8/25/2023','2');
INSERT INTO [BookingPackage] (BookingID,UserID,ProfileID,Price,BookingTime,ServicePackageID,AppoinmentTime,BookingStatus) VALUES ('2a556df1-c481-4e93-8d8c-7382fe8a33a6','826e96cd-e68e-4e21-b17f-d5adc5545872','bde3df23-94a5-4d12-8342-07307ceca903','300000','2023-07-25 14:14:12.0000001','f63d4de0-1373-422b-a8c6-23c7fa9c9e56','8/2/2023','3');
INSERT INTO [BookingPackage] (BookingID,UserID,ProfileID,Price,BookingTime,ServicePackageID,AppoinmentTime,BookingStatus) VALUES ('e78c0b1f-8384-49d9-8ea5-c6f304f1d210','5a49af6d-19cb-4b15-9456-e3a1a9a083f7','a0bccb90-a68c-42c1-bf36-2a20f85a6fb0','200000','2023-07-26 07:11:12.0000001','1c468121-5123-4aad-8ff7-25e7c87d8a67','8/3/2023','1');
INSERT INTO [BookingPackage] (BookingID,UserID,ProfileID,Price,BookingTime,ServicePackageID,AppoinmentTime,BookingStatus) VALUES ('9eae7a69-d9ea-463f-b729-54f0b059a84e','ca064e23-1ce0-4ca8-b045-ea8cf23bbc8c','2590134e-c741-405e-ba2a-2be38a27d8bc','700000','2023-07-27 09:12:12.0000001','a0f83102-7fb5-425f-8d72-31b76b17f252','8/4/2023','2');
INSERT INTO [BookingPackage] (BookingID,UserID,ProfileID,Price,BookingTime,ServicePackageID,AppoinmentTime,BookingStatus) VALUES ('d16e108c-1088-437b-8c01-28a076cba004','bdd1b27d-5fbf-4a35-a5f4-b8cd47de498c','f3575ab5-1d36-426c-888c-6415324c3f0d','450000','2023-07-28 21:21:12.0000001','b03b17d3-8cf2-46a7-9fee-33fa55779619','8/25/2023','3');
INSERT INTO [BookingPackage] (BookingID,UserID,ProfileID,Price,BookingTime,ServicePackageID,AppoinmentTime,BookingStatus) VALUES ('2ffec641-1864-40cc-8caf-8c2192e01c55','fe9c4099-9b05-45dd-a299-c408ba574878','4b6f23f7-a4e2-47d8-a933-83d52ba8d9b7','800000','2023-07-29 06:37:12.0000001','b00b0d4c-b1a1-42f6-9c1a-3d5b5c53648c','8/26/2023','1');
INSERT INTO [BookingPackage] (BookingID,UserID,ProfileID,Price,BookingTime,ServicePackageID,AppoinmentTime,BookingStatus) VALUES ('d9e7f61c-6c57-46c1-baa8-b6391687ce43','826e96cd-e68e-4e21-b17f-d5adc5545872','bde3df23-94a5-4d12-8342-07307ceca903','800000','2023-07-23 09:12:12.0000001','a5d3d2d7-1274-4447-80f8-42a074350fbc','8/25/2023','2');
INSERT INTO [BookingPackage] (BookingID,UserID,ProfileID,Price,BookingTime,ServicePackageID,AppoinmentTime,BookingStatus) VALUES ('1dcb2c80-1afd-4be9-8fa5-8319fed06ca8','5a49af6d-19cb-4b15-9456-e3a1a9a083f7','a0bccb90-a68c-42c1-bf36-2a20f85a6fb0','600000','2023-07-24 11:22:12.0000001','8ed52064-8ed1-42d4-aa67-44348c96c960','8/2/2023','3');
INSERT INTO [BookingPackage] (BookingID,UserID,ProfileID,Price,BookingTime,ServicePackageID,AppoinmentTime,BookingStatus) VALUES ('85ced3e5-3dd9-482c-aa94-bb26848d3417','ca064e23-1ce0-4ca8-b045-ea8cf23bbc8c','2590134e-c741-405e-ba2a-2be38a27d8bc','1000000','2023-07-25 14:14:12.0000001','0e09d0da-2471-4ffe-9156-46a21c86afcb','8/3/2023','1');

INSERT INTO [BookingPackage] (BookingID,UserID,ProfileID,Price,BookingTime,ServicePackageID,AppoinmentTime,BookingStatus) 
VALUES ('bec71889-9f6c-4fd9-8e84-945496d795fb','ca064e23-1ce0-4ca8-b045-ea8cf23bbc8c','9ae8d896-2a86-4cef-a3ac-a819907d699b','600.000','2023-07-26 07:11:12.0000001','8ed52064-8ed1-42d4-aa67-44348c96c960','2023-08-26','3');
INSERT INTO [BookingPackage] (BookingID,UserID,ProfileID,Price,BookingTime,ServicePackageID,AppoinmentTime,BookingStatus) 
VALUES ('8730235a-e669-46ad-ac9a-7866f6bd45a0','ca064e23-1ce0-4ca8-b045-ea8cf23bbc8c','fd504cdf-e8bc-456a-a5fa-9b394e9bb810','800.000','2023-07-26 07:12:12.0000001','a5d3d2d7-1274-4447-80f8-42a074350fbc','2023-08-26','3');
INSERT INTO [BookingPackage] (BookingID,UserID,ProfileID,Price,BookingTime,ServicePackageID,AppoinmentTime,BookingStatus) 
VALUES ('21c2278b-cf9d-41ff-bd3c-b48c78752646','ca064e23-1ce0-4ca8-b045-ea8cf23bbc8c','9ae8d896-2a86-4cef-a3ac-a819907d699b','600.000','2023-07-26 07:13:12.0000001','8ed52064-8ed1-42d4-aa67-44348c96c960','2023-08-26','1');
INSERT INTO [BookingPackage] (BookingID,UserID,ProfileID,Price,BookingTime,ServicePackageID,AppoinmentTime,BookingStatus) 
VALUES ('95e553c1-8fab-4136-875d-c441816ce895','ca064e23-1ce0-4ca8-b045-ea8cf23bbc8c','fd504cdf-e8bc-456a-a5fa-9b394e9bb810','800.000','2023-07-26 07:14:12.0000001','a5d3d2d7-1274-4447-80f8-42a074350fbc','2023-08-26','1');
INSERT INTO [BookingPackage] (BookingID,UserID,ProfileID,Price,BookingTime,ServicePackageID,AppoinmentTime,BookingStatus) 
VALUES ('22b407e0-e48e-4d7c-ba0b-746fc7a82cd3','ca064e23-1ce0-4ca8-b045-ea8cf23bbc8c','bd4296d8-5537-48c4-a016-5138edb64e89','1.000.000','2023-07-26 07:15:12.0000001','0e09d0da-2471-4ffe-9156-46a21c86afcb','2023-08-26','1');

Go

INSERT INTO [DoctorCalendar] (CalenderID,DoctorID,Time) VALUES ('1b8f9106-5ea8-44bc-a738-224cb7d654e6','8edf474e-0fcb-49fc-9c9e-4e902c7472f2','8/2/2023');
INSERT INTO [DoctorCalendar] (CalenderID,DoctorID,Time) VALUES ('f9a952ad-37c2-41bf-8555-fed1da1ba8bb','8edf474e-0fcb-49fc-9c9e-4e902c7472f2','8/3/2023');
INSERT INTO [DoctorCalendar] (CalenderID,DoctorID,Time) VALUES ('c7df55a6-2ae0-4686-82a4-f74bdc82bb47','8edf474e-0fcb-49fc-9c9e-4e902c7472f2','8/4/2023');
INSERT INTO [DoctorCalendar] (CalenderID,DoctorID,Time) VALUES ('25823237-b18f-4226-b547-6797074a38c3','8edf474e-0fcb-49fc-9c9e-4e902c7472f2','8/25/2023');
INSERT INTO [DoctorCalendar] (CalenderID,DoctorID,Time) VALUES ('55f8af25-9be7-49b3-aa9c-0a6c8a79c4b1','8edf474e-0fcb-49fc-9c9e-4e902c7472f2','8/26/2023');
INSERT INTO [DoctorCalendar] (CalenderID,DoctorID,Time) VALUES ('68cd5be8-4b92-4b2d-adfc-353749d22122','b514b384-ed9c-4d68-90ae-4f437bdee6b9','8/2/2023');
INSERT INTO [DoctorCalendar] (CalenderID,DoctorID,Time) VALUES ('73753866-1527-405f-b7a9-b495f513d172','b514b384-ed9c-4d68-90ae-4f437bdee6b9','8/3/2023');
INSERT INTO [DoctorCalendar] (CalenderID,DoctorID,Time) VALUES ('9a9a5b46-27d4-4fb3-93eb-4461b1c5acf6','b514b384-ed9c-4d68-90ae-4f437bdee6b9','8/4/2023');
INSERT INTO [DoctorCalendar] (CalenderID,DoctorID,Time) VALUES ('527fd678-aec0-4814-ac40-f4729c3e46b1','b514b384-ed9c-4d68-90ae-4f437bdee6b9','8/25/2023');
INSERT INTO [DoctorCalendar] (CalenderID,DoctorID,Time) VALUES ('71b0ff37-b1a3-4240-88e6-d9a990dc41b0','b514b384-ed9c-4d68-90ae-4f437bdee6b9','8/26/2023');
INSERT INTO [DoctorCalendar] (CalenderID,DoctorID,Time) VALUES ('c69dac23-c1b1-4ab0-aed4-bde16b97869a','f8f4c1f6-b620-42e6-9da9-54438bbd13c5','8/2/2023');
INSERT INTO [DoctorCalendar] (CalenderID,DoctorID,Time) VALUES ('a8e8e6c0-e7ad-4838-bc45-a3ee6efa5ccd','f8f4c1f6-b620-42e6-9da9-54438bbd13c5','8/3/2023');
INSERT INTO [DoctorCalendar] (CalenderID,DoctorID,Time) VALUES ('982ddf75-2330-4f37-b37a-9f3e0d5e605f','f8f4c1f6-b620-42e6-9da9-54438bbd13c5','8/4/2023');
INSERT INTO [DoctorCalendar] (CalenderID,DoctorID,Time) VALUES ('cb51abaf-0199-4c0d-9e59-3dc77a3db508','f8f4c1f6-b620-42e6-9da9-54438bbd13c5','8/25/2023');
INSERT INTO [DoctorCalendar] (CalenderID,DoctorID,Time) VALUES ('653765eb-8b1e-4d03-80d0-780205e2c2e9','f8f4c1f6-b620-42e6-9da9-54438bbd13c5','8/26/2023');
INSERT INTO [DoctorCalendar] (CalenderID,DoctorID,Time) VALUES ('89095221-a711-465d-8d1a-d87c4082c3a4','5145193c-51dc-4fed-8aa9-8adc068b9c69','8/2/2023');
INSERT INTO [DoctorCalendar] (CalenderID,DoctorID,Time) VALUES ('869f7e5a-f419-4cf1-94c5-c8246ad18fe0','5145193c-51dc-4fed-8aa9-8adc068b9c69','8/3/2023');
INSERT INTO [DoctorCalendar] (CalenderID,DoctorID,Time) VALUES ('f60baa9e-1178-41ee-9e00-e451a64e3168','5145193c-51dc-4fed-8aa9-8adc068b9c69','8/4/2023');
INSERT INTO [DoctorCalendar] (CalenderID,DoctorID,Time) VALUES ('eab96658-7220-4a4a-89f9-530164c84ede','5145193c-51dc-4fed-8aa9-8adc068b9c69','8/25/2023');
INSERT INTO [DoctorCalendar] (CalenderID,DoctorID,Time) VALUES ('56ef69f3-ba77-4a7b-8701-afc081094daa','5145193c-51dc-4fed-8aa9-8adc068b9c69','8/26/2023');
INSERT INTO [DoctorCalendar] (CalenderID,DoctorID,Time) VALUES ('eb5d3379-ca3f-4ad4-b3f7-14817faaaa54','5a504858-ec5d-4a7b-9c07-9302e6964bd9','8/2/2023');
INSERT INTO [DoctorCalendar] (CalenderID,DoctorID,Time) VALUES ('01c0d7ba-a7e8-408d-a237-72f9c518bca5','5a504858-ec5d-4a7b-9c07-9302e6964bd9','8/3/2023');
INSERT INTO [DoctorCalendar] (CalenderID,DoctorID,Time) VALUES ('87350096-a742-46be-9bce-185353d602f2','5a504858-ec5d-4a7b-9c07-9302e6964bd9','8/4/2023');
INSERT INTO [DoctorCalendar] (CalenderID,DoctorID,Time) VALUES ('f28654af-b4d1-46d4-b0dc-9aee8fe0b46f','5a504858-ec5d-4a7b-9c07-9302e6964bd9','8/25/2023');
INSERT INTO [DoctorCalendar] (CalenderID,DoctorID,Time) VALUES ('493f931d-c023-4266-bd8e-e1b87529e327','5a504858-ec5d-4a7b-9c07-9302e6964bd9','8/26/2023');

Go

INSERT INTO [DoctorSchedule] (ScheduleID,StartTime,EndTime,CalendarID) VALUES ('c71002c1-8b0f-4795-aed7-e6a9eae46acf','0001-01-01 07:00:00.0000000','0001-01-01 07:30:00.0000000','1b8f9106-5ea8-44bc-a738-224cb7d654e6');
INSERT INTO [DoctorSchedule] (ScheduleID,StartTime,EndTime,CalendarID) VALUES ('22d41035-aa4e-4152-a608-ed56a028793a','0001-01-01 07:30:00.0000000','0001-01-01 08:00:00.0000000','1b8f9106-5ea8-44bc-a738-224cb7d654e6');
INSERT INTO [DoctorSchedule] (ScheduleID,StartTime,EndTime,CalendarID) VALUES ('a3743d2a-c0fd-422c-9f3f-920626d3c977','0001-01-01 08:00:00.0000000','0001-01-01 08:30:00.0000000','1b8f9106-5ea8-44bc-a738-224cb7d654e6');
INSERT INTO [DoctorSchedule] (ScheduleID,StartTime,EndTime,CalendarID) VALUES ('c0903d5c-8726-4926-b0e1-1fb2fc97164a','0001-01-01 08:30:00.0000000','0001-01-01 09:00:00.0000000','1b8f9106-5ea8-44bc-a738-224cb7d654e6');
INSERT INTO [DoctorSchedule] (ScheduleID,StartTime,EndTime,CalendarID) VALUES ('df7512a6-d526-457b-beed-1f31261097e0','0001-01-01 09:00:00.0000000','0001-01-01 09:30:00.0000000','1b8f9106-5ea8-44bc-a738-224cb7d654e6');
INSERT INTO [DoctorSchedule] (ScheduleID,StartTime,EndTime,CalendarID) VALUES ('979f25d9-bd9d-4cc2-9e79-385e06248bdb','0001-01-01 09:30:00.0000000','0001-01-01 10:00:00.0000000','1b8f9106-5ea8-44bc-a738-224cb7d654e6');
INSERT INTO [DoctorSchedule] (ScheduleID,StartTime,EndTime,CalendarID) VALUES ('a7344e12-4625-4fe3-8826-e4716d27b766','0001-01-01 10:00:00.0000000','0001-01-01 10:30:00.0000000','1b8f9106-5ea8-44bc-a738-224cb7d654e6');
INSERT INTO [DoctorSchedule] (ScheduleID,StartTime,EndTime,CalendarID) VALUES ('8ed1c421-c4f7-4a9f-b64b-84ebe7f4cbd9','0001-01-01 10:30:00.0000000','0001-01-01 11:00:00.0000000','1b8f9106-5ea8-44bc-a738-224cb7d654e6');
INSERT INTO [DoctorSchedule] (ScheduleID,StartTime,EndTime,CalendarID) VALUES ('7b006c9f-0983-4d28-a33a-03cfcb6d73e2','0001-01-01 11:00:00.0000000','0001-01-01 11:30:00.0000000','1b8f9106-5ea8-44bc-a738-224cb7d654e6');
INSERT INTO [DoctorSchedule] (ScheduleID,StartTime,EndTime,CalendarID) VALUES ('fadfb8eb-609c-42ba-b6a0-32044b1797c2','0001-01-01 11:30:00.0000000','0001-01-01 12:00:00.0000000','1b8f9106-5ea8-44bc-a738-224cb7d654e6');
INSERT INTO [DoctorSchedule] (ScheduleID,StartTime,EndTime,CalendarID) VALUES ('225d5180-b000-45cd-9dc3-b60f957be10b','0001-01-01 12:00:00.0000000','0001-01-01 12:30:00.0000000','1b8f9106-5ea8-44bc-a738-224cb7d654e6');
INSERT INTO [DoctorSchedule] (ScheduleID,StartTime,EndTime,CalendarID) VALUES ('7f378940-3d99-41f5-a8bb-4b010261448c','0001-01-01 12:30:00.0000000','0001-01-01 13:00:00.0000000','1b8f9106-5ea8-44bc-a738-224cb7d654e6');
INSERT INTO [DoctorSchedule] (ScheduleID,StartTime,EndTime,CalendarID) VALUES ('5503839b-23c7-42e7-8baa-d4536c9c4770','0001-01-01 13:00:00.0000000','0001-01-01 13:30:00.0000000','1b8f9106-5ea8-44bc-a738-224cb7d654e6');
INSERT INTO [DoctorSchedule] (ScheduleID,StartTime,EndTime,CalendarID) VALUES ('249b1de1-88d5-4626-99f2-bc311b896186','0001-01-01 13:30:00.0000000','0001-01-01 14:00:00.0000000','1b8f9106-5ea8-44bc-a738-224cb7d654e6');
INSERT INTO [DoctorSchedule] (ScheduleID,StartTime,EndTime,CalendarID) VALUES ('63355cfe-e8f5-4718-9d01-0bf28b9b50a3','0001-01-01 14:00:00.0000000','0001-01-01 14:30:00.0000000','1b8f9106-5ea8-44bc-a738-224cb7d654e6');
INSERT INTO [DoctorSchedule] (ScheduleID,StartTime,EndTime,CalendarID) VALUES ('b4649664-d4ba-450c-9a48-71f24a8bfa7d','0001-01-01 14:30:00.0000000','0001-01-01 15:00:00.0000000','1b8f9106-5ea8-44bc-a738-224cb7d654e6');
INSERT INTO [DoctorSchedule] (ScheduleID,StartTime,EndTime,CalendarID) VALUES ('fcc57ba2-a2d3-433f-887e-68b4db9efbe3','0001-01-01 15:00:00.0000000','0001-01-01 15:30:00.0000000','1b8f9106-5ea8-44bc-a738-224cb7d654e6');
INSERT INTO [DoctorSchedule] (ScheduleID,StartTime,EndTime,CalendarID) VALUES ('160aada7-002a-4e74-b4ee-047d22de016f','0001-01-01 15:30:00.0000000','0001-01-01 16:00:00.0000000','1b8f9106-5ea8-44bc-a738-224cb7d654e6');
INSERT INTO [DoctorSchedule] (ScheduleID,StartTime,EndTime,CalendarID) VALUES ('0487120a-8233-4c39-b8e4-e3649e44466e','0001-01-01 16:00:00.0000000','0001-01-01 16:30:00.0000000','1b8f9106-5ea8-44bc-a738-224cb7d654e6');
INSERT INTO [DoctorSchedule] (ScheduleID,StartTime,EndTime,CalendarID) VALUES ('7bb33ef2-9c0e-41da-8c18-5adf855e0911','0001-01-01 16:30:00.0000000','0001-01-01 17:00:00.0000000','1b8f9106-5ea8-44bc-a738-224cb7d654e6');
INSERT INTO [DoctorSchedule] (ScheduleID,StartTime,EndTime,CalendarID) VALUES ('1bd090ef-ef1f-410e-b508-550072273075','0001-01-01 17:00:00.0000000','0001-01-01 17:30:00.0000000','1b8f9106-5ea8-44bc-a738-224cb7d654e6');
INSERT INTO [DoctorSchedule] (ScheduleID,StartTime,EndTime,CalendarID) VALUES ('c9b4a530-44b6-4aa9-9f58-3f5cc6d92a9d','0001-01-01 17:30:00.0000000','0001-01-01 18:00:00.0000000','1b8f9106-5ea8-44bc-a738-224cb7d654e6');
INSERT INTO [DoctorSchedule] (ScheduleID,StartTime,EndTime,CalendarID) VALUES ('c5dfb095-bcd9-4726-9039-64fe9b37cf03','0001-01-01 07:00:00.0000000','0001-01-01 07:30:00.0000000','f9a952ad-37c2-41bf-8555-fed1da1ba8bb');
INSERT INTO [DoctorSchedule] (ScheduleID,StartTime,EndTime,CalendarID) VALUES ('acbf7c40-311d-4f3a-aa7a-79eb8d114bb3','0001-01-01 07:30:00.0000000','0001-01-01 08:00:00.0000000','f9a952ad-37c2-41bf-8555-fed1da1ba8bb');
INSERT INTO [DoctorSchedule] (ScheduleID,StartTime,EndTime,CalendarID) VALUES ('86b681bd-3a3e-410e-b0c3-a16cb9e102a5','0001-01-01 08:00:00.0000000','0001-01-01 08:30:00.0000000','f9a952ad-37c2-41bf-8555-fed1da1ba8bb');
INSERT INTO [DoctorSchedule] (ScheduleID,StartTime,EndTime,CalendarID) VALUES ('d6f76c95-89a2-4cc6-ace2-4562d417b68b','0001-01-01 08:30:00.0000000','0001-01-01 09:00:00.0000000','f9a952ad-37c2-41bf-8555-fed1da1ba8bb');
INSERT INTO [DoctorSchedule] (ScheduleID,StartTime,EndTime,CalendarID) VALUES ('ac0e8532-17ad-4c21-bf9b-cfe24aac7c31','0001-01-01 09:00:00.0000000','0001-01-01 09:30:00.0000000','f9a952ad-37c2-41bf-8555-fed1da1ba8bb');
INSERT INTO [DoctorSchedule] (ScheduleID,StartTime,EndTime,CalendarID) VALUES ('f6eececb-596d-4b90-b0f4-af67f0961a7b','0001-01-01 09:30:00.0000000','0001-01-01 10:00:00.0000000','f9a952ad-37c2-41bf-8555-fed1da1ba8bb');
INSERT INTO [DoctorSchedule] (ScheduleID,StartTime,EndTime,CalendarID) VALUES ('78792e8e-8c77-4e3a-97de-d5af73b25489','0001-01-01 10:00:00.0000000','0001-01-01 10:30:00.0000000','f9a952ad-37c2-41bf-8555-fed1da1ba8bb');
INSERT INTO [DoctorSchedule] (ScheduleID,StartTime,EndTime,CalendarID) VALUES ('57b8e36b-19fb-41d2-939d-d45c01aaf143','0001-01-01 10:30:00.0000000','0001-01-01 11:00:00.0000000','f9a952ad-37c2-41bf-8555-fed1da1ba8bb');
INSERT INTO [DoctorSchedule] (ScheduleID,StartTime,EndTime,CalendarID) VALUES ('885d4123-5801-4007-888b-1539e3ea7c11','0001-01-01 11:00:00.0000000','0001-01-01 11:30:00.0000000','f9a952ad-37c2-41bf-8555-fed1da1ba8bb');
INSERT INTO [DoctorSchedule] (ScheduleID,StartTime,EndTime,CalendarID) VALUES ('ce5f2224-2db9-4d18-a933-0b861fb9395d','0001-01-01 11:30:00.0000000','0001-01-01 12:00:00.0000000','f9a952ad-37c2-41bf-8555-fed1da1ba8bb');
INSERT INTO [DoctorSchedule] (ScheduleID,StartTime,EndTime,CalendarID) VALUES ('057003e5-de86-4776-9319-c419961f4a81','0001-01-01 12:00:00.0000000','0001-01-01 12:30:00.0000000','f9a952ad-37c2-41bf-8555-fed1da1ba8bb');
INSERT INTO [DoctorSchedule] (ScheduleID,StartTime,EndTime,CalendarID) VALUES ('65b2be7e-f1c4-4b5c-98be-e65bba6cc7c4','0001-01-01 12:30:00.0000000','0001-01-01 13:00:00.0000000','f9a952ad-37c2-41bf-8555-fed1da1ba8bb');
INSERT INTO [DoctorSchedule] (ScheduleID,StartTime,EndTime,CalendarID) VALUES ('68dc7af2-090d-4237-bc6e-023ee28aa08a','0001-01-01 13:00:00.0000000','0001-01-01 13:30:00.0000000','f9a952ad-37c2-41bf-8555-fed1da1ba8bb');
INSERT INTO [DoctorSchedule] (ScheduleID,StartTime,EndTime,CalendarID) VALUES ('58bf647f-2cf7-4c27-9f98-4d31625564a1','0001-01-01 13:30:00.0000000','0001-01-01 14:00:00.0000000','f9a952ad-37c2-41bf-8555-fed1da1ba8bb');
INSERT INTO [DoctorSchedule] (ScheduleID,StartTime,EndTime,CalendarID) VALUES ('e5ebb9a5-758b-41f1-910c-ef39325dc1fa','0001-01-01 14:00:00.0000000','0001-01-01 14:30:00.0000000','f9a952ad-37c2-41bf-8555-fed1da1ba8bb');
INSERT INTO [DoctorSchedule] (ScheduleID,StartTime,EndTime,CalendarID) VALUES ('b33ea9d4-7339-486b-8c12-3d28fcc23789','0001-01-01 14:30:00.0000000','0001-01-01 15:00:00.0000000','f9a952ad-37c2-41bf-8555-fed1da1ba8bb');
INSERT INTO [DoctorSchedule] (ScheduleID,StartTime,EndTime,CalendarID) VALUES ('33ad891c-438e-4e10-b561-783c7f34dc7a','0001-01-01 15:00:00.0000000','0001-01-01 15:30:00.0000000','f9a952ad-37c2-41bf-8555-fed1da1ba8bb');
INSERT INTO [DoctorSchedule] (ScheduleID,StartTime,EndTime,CalendarID) VALUES ('7e26dff6-869a-432e-937c-744deaa223f0','0001-01-01 15:30:00.0000000','0001-01-01 16:00:00.0000000','f9a952ad-37c2-41bf-8555-fed1da1ba8bb');
INSERT INTO [DoctorSchedule] (ScheduleID,StartTime,EndTime,CalendarID) VALUES ('0dbf0d3a-e8f3-48ce-bc03-794cb7e8fbaf','0001-01-01 16:00:00.0000000','0001-01-01 16:30:00.0000000','f9a952ad-37c2-41bf-8555-fed1da1ba8bb');
INSERT INTO [DoctorSchedule] (ScheduleID,StartTime,EndTime,CalendarID) VALUES ('0a037f41-d15f-4c39-95ea-3aae2d5daccf','0001-01-01 16:30:00.0000000','0001-01-01 17:00:00.0000000','f9a952ad-37c2-41bf-8555-fed1da1ba8bb');
INSERT INTO [DoctorSchedule] (ScheduleID,StartTime,EndTime,CalendarID) VALUES ('0d54c1dc-e732-4f74-9cab-11c6ffcc5f1a','0001-01-01 17:00:00.0000000','0001-01-01 17:30:00.0000000','f9a952ad-37c2-41bf-8555-fed1da1ba8bb');
INSERT INTO [DoctorSchedule] (ScheduleID,StartTime,EndTime,CalendarID) VALUES ('c76d01b0-3fba-4536-8e72-584ab6ecf60e','0001-01-01 17:30:00.0000000','0001-01-01 18:00:00.0000000','f9a952ad-37c2-41bf-8555-fed1da1ba8bb');
INSERT INTO [DoctorSchedule] (ScheduleID,StartTime,EndTime,CalendarID) VALUES ('67631fa4-7201-4390-8e83-e98e7b62755d','0001-01-01 07:00:00.0000000','0001-01-01 07:30:00.0000000','c7df55a6-2ae0-4686-82a4-f74bdc82bb47');
INSERT INTO [DoctorSchedule] (ScheduleID,StartTime,EndTime,CalendarID) VALUES ('8084c0be-3028-4dba-8258-814d7cec8b0f','0001-01-01 07:30:00.0000000','0001-01-01 08:00:00.0000000','c7df55a6-2ae0-4686-82a4-f74bdc82bb47');
INSERT INTO [DoctorSchedule] (ScheduleID,StartTime,EndTime,CalendarID) VALUES ('d3821e1b-848a-40e9-9e46-96fe4f42cde8','0001-01-01 08:00:00.0000000','0001-01-01 08:30:00.0000000','c7df55a6-2ae0-4686-82a4-f74bdc82bb47');
INSERT INTO [DoctorSchedule] (ScheduleID,StartTime,EndTime,CalendarID) VALUES ('495fd33c-e0d2-4e00-8aaa-fe394c5eb26d','0001-01-01 08:30:00.0000000','0001-01-01 09:00:00.0000000','c7df55a6-2ae0-4686-82a4-f74bdc82bb47');
INSERT INTO [DoctorSchedule] (ScheduleID,StartTime,EndTime,CalendarID) VALUES ('2f1801c6-677c-40fa-a9f7-d1fbcf43db66','0001-01-01 09:00:00.0000000','0001-01-01 09:30:00.0000000','c7df55a6-2ae0-4686-82a4-f74bdc82bb47');
INSERT INTO [DoctorSchedule] (ScheduleID,StartTime,EndTime,CalendarID) VALUES ('4a7402bd-0c77-442e-8b7f-a75c4474bcca','0001-01-01 09:30:00.0000000','0001-01-01 10:00:00.0000000','c7df55a6-2ae0-4686-82a4-f74bdc82bb47');
INSERT INTO [DoctorSchedule] (ScheduleID,StartTime,EndTime,CalendarID) VALUES ('96aea6e7-fe04-47b4-999f-96c471042535','0001-01-01 10:00:00.0000000','0001-01-01 10:30:00.0000000','c7df55a6-2ae0-4686-82a4-f74bdc82bb47');
INSERT INTO [DoctorSchedule] (ScheduleID,StartTime,EndTime,CalendarID) VALUES ('f31fd70e-66ae-4d34-a6de-eba72e3f4a57','0001-01-01 10:30:00.0000000','0001-01-01 11:00:00.0000000','c7df55a6-2ae0-4686-82a4-f74bdc82bb47');
INSERT INTO [DoctorSchedule] (ScheduleID,StartTime,EndTime,CalendarID) VALUES ('628159a9-0a97-4c1d-b46d-e55c48578abb','0001-01-01 11:00:00.0000000','0001-01-01 11:30:00.0000000','c7df55a6-2ae0-4686-82a4-f74bdc82bb47');
INSERT INTO [DoctorSchedule] (ScheduleID,StartTime,EndTime,CalendarID) VALUES ('2e1c6030-9faa-43cd-a473-853949eaf487','0001-01-01 11:30:00.0000000','0001-01-01 12:00:00.0000000','c7df55a6-2ae0-4686-82a4-f74bdc82bb47');
INSERT INTO [DoctorSchedule] (ScheduleID,StartTime,EndTime,CalendarID) VALUES ('4c414139-2d83-49f7-9e62-b9140def0fbc','0001-01-01 12:00:00.0000000','0001-01-01 12:30:00.0000000','c7df55a6-2ae0-4686-82a4-f74bdc82bb47');
INSERT INTO [DoctorSchedule] (ScheduleID,StartTime,EndTime,CalendarID) VALUES ('70f17b89-a169-425e-a360-e817fe30740a','0001-01-01 12:30:00.0000000','0001-01-01 13:00:00.0000000','c7df55a6-2ae0-4686-82a4-f74bdc82bb47');
INSERT INTO [DoctorSchedule] (ScheduleID,StartTime,EndTime,CalendarID) VALUES ('46dfba0c-5928-46d1-882b-f8e9158013db','0001-01-01 13:00:00.0000000','0001-01-01 13:30:00.0000000','c7df55a6-2ae0-4686-82a4-f74bdc82bb47');
INSERT INTO [DoctorSchedule] (ScheduleID,StartTime,EndTime,CalendarID) VALUES ('36a4e81e-a60a-4db4-8f48-2d0317a826e1','0001-01-01 13:30:00.0000000','0001-01-01 14:00:00.0000000','c7df55a6-2ae0-4686-82a4-f74bdc82bb47');
INSERT INTO [DoctorSchedule] (ScheduleID,StartTime,EndTime,CalendarID) VALUES ('6f2b0baa-6593-4834-a81f-f14e589443f9','0001-01-01 14:00:00.0000000','0001-01-01 14:30:00.0000000','c7df55a6-2ae0-4686-82a4-f74bdc82bb47');
INSERT INTO [DoctorSchedule] (ScheduleID,StartTime,EndTime,CalendarID) VALUES ('4f45a6c1-096a-4378-84b0-80c2c9ea09aa','0001-01-01 14:30:00.0000000','0001-01-01 15:00:00.0000000','c7df55a6-2ae0-4686-82a4-f74bdc82bb47');
INSERT INTO [DoctorSchedule] (ScheduleID,StartTime,EndTime,CalendarID) VALUES ('94f1fef8-8ef2-47fe-968a-f4457921d33d','0001-01-01 15:00:00.0000000','0001-01-01 15:30:00.0000000','c7df55a6-2ae0-4686-82a4-f74bdc82bb47');
INSERT INTO [DoctorSchedule] (ScheduleID,StartTime,EndTime,CalendarID) VALUES ('e0fcacd3-d6ff-4227-9306-7cfc721026c5','0001-01-01 15:30:00.0000000','0001-01-01 16:00:00.0000000','c7df55a6-2ae0-4686-82a4-f74bdc82bb47');
INSERT INTO [DoctorSchedule] (ScheduleID,StartTime,EndTime,CalendarID) VALUES ('de66263b-74a9-43dc-bd67-869d11c67857','0001-01-01 16:00:00.0000000','0001-01-01 16:30:00.0000000','c7df55a6-2ae0-4686-82a4-f74bdc82bb47');
INSERT INTO [DoctorSchedule] (ScheduleID,StartTime,EndTime,CalendarID) VALUES ('51331ea2-fe2a-4b20-89a3-81cda915a077','0001-01-01 16:30:00.0000000','0001-01-01 17:00:00.0000000','c7df55a6-2ae0-4686-82a4-f74bdc82bb47');
INSERT INTO [DoctorSchedule] (ScheduleID,StartTime,EndTime,CalendarID) VALUES ('d7ba2e6a-066c-4aa1-b7be-e358fa347280','0001-01-01 17:00:00.0000000','0001-01-01 17:30:00.0000000','c7df55a6-2ae0-4686-82a4-f74bdc82bb47');
INSERT INTO [DoctorSchedule] (ScheduleID,StartTime,EndTime,CalendarID) VALUES ('98c5811f-58e1-425d-9680-d6f64d440ce2','0001-01-01 07:00:00.0000000','0001-01-01 07:30:00.0000000','25823237-b18f-4226-b547-6797074a38c3');
INSERT INTO [DoctorSchedule] (ScheduleID,StartTime,EndTime,CalendarID) VALUES ('1fb742ee-e546-4b15-8e9a-f8cfe5ac0194','0001-01-01 07:30:00.0000000','0001-01-01 08:00:00.0000000','25823237-b18f-4226-b547-6797074a38c3');
INSERT INTO [DoctorSchedule] (ScheduleID,StartTime,EndTime,CalendarID) VALUES ('885ddb00-0cb8-49b2-a7af-e4d9d70c18ac','0001-01-01 08:00:00.0000000','0001-01-01 08:30:00.0000000','25823237-b18f-4226-b547-6797074a38c3');
INSERT INTO [DoctorSchedule] (ScheduleID,StartTime,EndTime,CalendarID) VALUES ('faa10b7b-37e2-46d7-bd92-b919e4ba6cf3','0001-01-01 08:30:00.0000000','0001-01-01 09:00:00.0000000','25823237-b18f-4226-b547-6797074a38c3');
INSERT INTO [DoctorSchedule] (ScheduleID,StartTime,EndTime,CalendarID) VALUES ('87dd6f19-cefa-401d-ba71-facfb13fa63f','0001-01-01 09:00:00.0000000','0001-01-01 09:30:00.0000000','25823237-b18f-4226-b547-6797074a38c3');
INSERT INTO [DoctorSchedule] (ScheduleID,StartTime,EndTime,CalendarID) VALUES ('89bed2a8-d072-4073-84a5-50bb62147af8','0001-01-01 09:30:00.0000000','0001-01-01 10:00:00.0000000','25823237-b18f-4226-b547-6797074a38c3');
INSERT INTO [DoctorSchedule] (ScheduleID,StartTime,EndTime,CalendarID) VALUES ('cb2c3e4d-61a6-4d8b-9616-fcd3e0a3a45c','0001-01-01 10:00:00.0000000','0001-01-01 10:30:00.0000000','25823237-b18f-4226-b547-6797074a38c3');
INSERT INTO [DoctorSchedule] (ScheduleID,StartTime,EndTime,CalendarID) VALUES ('0e856afe-f136-4ef3-b63f-af1d594bb350','0001-01-01 10:30:00.0000000','0001-01-01 11:00:00.0000000','25823237-b18f-4226-b547-6797074a38c3');
INSERT INTO [DoctorSchedule] (ScheduleID,StartTime,EndTime,CalendarID) VALUES ('9ddb47d6-96ff-45ac-8eb5-3e2c6b663d04','0001-01-01 11:00:00.0000000','0001-01-01 11:30:00.0000000','25823237-b18f-4226-b547-6797074a38c3');
INSERT INTO [DoctorSchedule] (ScheduleID,StartTime,EndTime,CalendarID) VALUES ('5260a348-01e2-417e-ad85-7b6660bee09d','0001-01-01 11:30:00.0000000','0001-01-01 12:00:00.0000000','25823237-b18f-4226-b547-6797074a38c3');
INSERT INTO [DoctorSchedule] (ScheduleID,StartTime,EndTime,CalendarID) VALUES ('53de59f6-d4fc-4977-acbf-c062c0b7ff62','0001-01-01 12:00:00.0000000','0001-01-01 12:30:00.0000000','25823237-b18f-4226-b547-6797074a38c3');
INSERT INTO [DoctorSchedule] (ScheduleID,StartTime,EndTime,CalendarID) VALUES ('cff0f075-dfa2-411c-9e8f-e9c3874fc256','0001-01-01 12:30:00.0000000','0001-01-01 13:00:00.0000000','25823237-b18f-4226-b547-6797074a38c3');
INSERT INTO [DoctorSchedule] (ScheduleID,StartTime,EndTime,CalendarID) VALUES ('1e48d576-3f28-4e66-a13f-62bca73cb92d','0001-01-01 13:00:00.0000000','0001-01-01 13:30:00.0000000','25823237-b18f-4226-b547-6797074a38c3');
INSERT INTO [DoctorSchedule] (ScheduleID,StartTime,EndTime,CalendarID) VALUES ('3771602f-5071-44c9-82b4-262aefec8efe','0001-01-01 13:30:00.0000000','0001-01-01 14:00:00.0000000','25823237-b18f-4226-b547-6797074a38c3');
INSERT INTO [DoctorSchedule] (ScheduleID,StartTime,EndTime,CalendarID) VALUES ('b150b0c9-44f2-4064-b5dc-270a99d566fd','0001-01-01 14:00:00.0000000','0001-01-01 14:30:00.0000000','25823237-b18f-4226-b547-6797074a38c3');
INSERT INTO [DoctorSchedule] (ScheduleID,StartTime,EndTime,CalendarID) VALUES ('36018bf9-4363-49ba-8d46-fad69be2bc3b','0001-01-01 14:30:00.0000000','0001-01-01 15:00:00.0000000','25823237-b18f-4226-b547-6797074a38c3');
INSERT INTO [DoctorSchedule] (ScheduleID,StartTime,EndTime,CalendarID) VALUES ('8e62a3d4-c375-406d-9681-0400f78f5ce6','0001-01-01 15:00:00.0000000','0001-01-01 15:30:00.0000000','25823237-b18f-4226-b547-6797074a38c3');
INSERT INTO [DoctorSchedule] (ScheduleID,StartTime,EndTime,CalendarID) VALUES ('07a4555b-54b7-4170-b27b-7ebdc32a7b7f','0001-01-01 15:30:00.0000000','0001-01-01 16:00:00.0000000','25823237-b18f-4226-b547-6797074a38c3');
INSERT INTO [DoctorSchedule] (ScheduleID,StartTime,EndTime,CalendarID) VALUES ('e8fd9acb-2f34-4afe-b5c8-a8790257b18d','0001-01-01 16:00:00.0000000','0001-01-01 16:30:00.0000000','25823237-b18f-4226-b547-6797074a38c3');
INSERT INTO [DoctorSchedule] (ScheduleID,StartTime,EndTime,CalendarID) VALUES ('c7448d66-60a9-490e-9551-27814446b783','0001-01-01 16:30:00.0000000','0001-01-01 17:00:00.0000000','25823237-b18f-4226-b547-6797074a38c3');
INSERT INTO [DoctorSchedule] (ScheduleID,StartTime,EndTime,CalendarID) VALUES ('d1f2dc82-063c-44bb-9662-4a347b9ce42a','0001-01-01 17:00:00.0000000','0001-01-01 17:30:00.0000000','25823237-b18f-4226-b547-6797074a38c3');
INSERT INTO [DoctorSchedule] (ScheduleID,StartTime,EndTime,CalendarID) VALUES ('1c928464-115a-4a62-9097-7202487c7a01','0001-01-01 17:30:00.0000000','0001-01-01 18:00:00.0000000','25823237-b18f-4226-b547-6797074a38c3');
INSERT INTO [DoctorSchedule] (ScheduleID,StartTime,EndTime,CalendarID) VALUES ('e56acfd1-8db3-4f9b-9f0c-acce773a2d4a','0001-01-01 07:00:00.0000000','0001-01-01 07:30:00.0000000','55f8af25-9be7-49b3-aa9c-0a6c8a79c4b1');
INSERT INTO [DoctorSchedule] (ScheduleID,StartTime,EndTime,CalendarID) VALUES ('cd3cb96d-41ef-4486-a6e1-064e6c1ff2d5','0001-01-01 07:30:00.0000000','0001-01-01 08:00:00.0000000','55f8af25-9be7-49b3-aa9c-0a6c8a79c4b1');
INSERT INTO [DoctorSchedule] (ScheduleID,StartTime,EndTime,CalendarID) VALUES ('ba0443ec-d0c6-494b-a7e5-4eeb99b8d0e6','0001-01-01 08:00:00.0000000','0001-01-01 08:30:00.0000000','55f8af25-9be7-49b3-aa9c-0a6c8a79c4b1');
INSERT INTO [DoctorSchedule] (ScheduleID,StartTime,EndTime,CalendarID) VALUES ('f8e30a8a-f820-4b62-b14b-3ddc69bab46f','0001-01-01 08:30:00.0000000','0001-01-01 09:00:00.0000000','55f8af25-9be7-49b3-aa9c-0a6c8a79c4b1');
INSERT INTO [DoctorSchedule] (ScheduleID,StartTime,EndTime,CalendarID) VALUES ('cf3240df-c0f6-41c8-809d-79f0a5e2dd57','0001-01-01 09:00:00.0000000','0001-01-01 09:30:00.0000000','55f8af25-9be7-49b3-aa9c-0a6c8a79c4b1');
INSERT INTO [DoctorSchedule] (ScheduleID,StartTime,EndTime,CalendarID) VALUES ('a66cceb9-c04c-4353-ae54-cc7b16fe6988','0001-01-01 09:30:00.0000000','0001-01-01 10:00:00.0000000','55f8af25-9be7-49b3-aa9c-0a6c8a79c4b1');
INSERT INTO [DoctorSchedule] (ScheduleID,StartTime,EndTime,CalendarID) VALUES ('8cf5f9bb-5bc0-478c-8d19-4c2aa910ec1f','0001-01-01 10:00:00.0000000','0001-01-01 10:30:00.0000000','55f8af25-9be7-49b3-aa9c-0a6c8a79c4b1');
INSERT INTO [DoctorSchedule] (ScheduleID,StartTime,EndTime,CalendarID) VALUES ('76bb18b8-5736-4fa1-a3b6-97ec5c3b6f3c','0001-01-01 10:30:00.0000000','0001-01-01 11:00:00.0000000','55f8af25-9be7-49b3-aa9c-0a6c8a79c4b1');
INSERT INTO [DoctorSchedule] (ScheduleID,StartTime,EndTime,CalendarID) VALUES ('650f4c18-97e4-4521-9665-385ad30dc7aa','0001-01-01 11:00:00.0000000','0001-01-01 11:30:00.0000000','55f8af25-9be7-49b3-aa9c-0a6c8a79c4b1');
INSERT INTO [DoctorSchedule] (ScheduleID,StartTime,EndTime,CalendarID) VALUES ('fb62be58-49b8-40f0-afb4-892eaad529e0','0001-01-01 11:30:00.0000000','0001-01-01 12:00:00.0000000','55f8af25-9be7-49b3-aa9c-0a6c8a79c4b1');
INSERT INTO [DoctorSchedule] (ScheduleID,StartTime,EndTime,CalendarID) VALUES ('82262977-eead-42ee-992e-d6a18d57e503','0001-01-01 12:00:00.0000000','0001-01-01 12:30:00.0000000','55f8af25-9be7-49b3-aa9c-0a6c8a79c4b1');
INSERT INTO [DoctorSchedule] (ScheduleID,StartTime,EndTime,CalendarID) VALUES ('578ca849-bc4a-4342-9b79-c23618682ada','0001-01-01 12:30:00.0000000','0001-01-01 13:00:00.0000000','55f8af25-9be7-49b3-aa9c-0a6c8a79c4b1');
INSERT INTO [DoctorSchedule] (ScheduleID,StartTime,EndTime,CalendarID) VALUES ('70060254-608a-4abc-923d-f2053b1a61c9','0001-01-01 13:00:00.0000000','0001-01-01 13:30:00.0000000','55f8af25-9be7-49b3-aa9c-0a6c8a79c4b1');
INSERT INTO [DoctorSchedule] (ScheduleID,StartTime,EndTime,CalendarID) VALUES ('d7702d00-28c2-4b3f-9559-3a3cc5ff63c9','0001-01-01 13:30:00.0000000','0001-01-01 14:00:00.0000000','55f8af25-9be7-49b3-aa9c-0a6c8a79c4b1');
INSERT INTO [DoctorSchedule] (ScheduleID,StartTime,EndTime,CalendarID) VALUES ('6c3db7a4-c12c-4eec-81cc-3a7aa735ddbc','0001-01-01 14:00:00.0000000','0001-01-01 14:30:00.0000000','55f8af25-9be7-49b3-aa9c-0a6c8a79c4b1');
INSERT INTO [DoctorSchedule] (ScheduleID,StartTime,EndTime,CalendarID) VALUES ('e145ed2a-5e8d-4915-8339-76a1f7ad2b1c','0001-01-01 14:30:00.0000000','0001-01-01 15:00:00.0000000','55f8af25-9be7-49b3-aa9c-0a6c8a79c4b1');
INSERT INTO [DoctorSchedule] (ScheduleID,StartTime,EndTime,CalendarID) VALUES ('a7f24458-65fd-4bf0-8df2-71eff6b69986','0001-01-01 15:00:00.0000000','0001-01-01 15:30:00.0000000','55f8af25-9be7-49b3-aa9c-0a6c8a79c4b1');
INSERT INTO [DoctorSchedule] (ScheduleID,StartTime,EndTime,CalendarID) VALUES ('2ff2f88b-3020-47d9-92df-dfa423ee0695','0001-01-01 15:30:00.0000000','0001-01-01 16:00:00.0000000','55f8af25-9be7-49b3-aa9c-0a6c8a79c4b1');
INSERT INTO [DoctorSchedule] (ScheduleID,StartTime,EndTime,CalendarID) VALUES ('03fce594-860c-4486-a96a-ec1491f540f2','0001-01-01 16:00:00.0000000','0001-01-01 16:30:00.0000000','55f8af25-9be7-49b3-aa9c-0a6c8a79c4b1');
INSERT INTO [DoctorSchedule] (ScheduleID,StartTime,EndTime,CalendarID) VALUES ('58a074f7-fb2f-4a10-9f8c-78b8acc0a427','0001-01-01 16:30:00.0000000','0001-01-01 17:00:00.0000000','55f8af25-9be7-49b3-aa9c-0a6c8a79c4b1');
INSERT INTO [DoctorSchedule] (ScheduleID,StartTime,EndTime,CalendarID) VALUES ('0e5b3540-d9af-42e5-abf7-a36c2438abad','0001-01-01 17:00:00.0000000','0001-01-01 17:30:00.0000000','55f8af25-9be7-49b3-aa9c-0a6c8a79c4b1');
INSERT INTO [DoctorSchedule] (ScheduleID,StartTime,EndTime,CalendarID) VALUES ('19244e45-d930-4119-a027-f6ea55fb5d84','0001-01-01 17:30:00.0000000','0001-01-01 18:00:00.0000000','55f8af25-9be7-49b3-aa9c-0a6c8a79c4b1');
INSERT INTO [DoctorSchedule] (ScheduleID,StartTime,EndTime,CalendarID) VALUES ('67fc5a8f-4011-4019-8fe9-e1eeeb769b59','0001-01-01 07:00:00.0000000','0001-01-01 07:30:00.0000000','68cd5be8-4b92-4b2d-adfc-353749d22122');
INSERT INTO [DoctorSchedule] (ScheduleID,StartTime,EndTime,CalendarID) VALUES ('e66152b9-0914-431d-964f-d8fbc44eae68','0001-01-01 07:30:00.0000000','0001-01-01 08:00:00.0000000','68cd5be8-4b92-4b2d-adfc-353749d22122');
INSERT INTO [DoctorSchedule] (ScheduleID,StartTime,EndTime,CalendarID) VALUES ('f13f3506-34e9-4f27-811f-3b3e0550697f','0001-01-01 08:00:00.0000000','0001-01-01 08:30:00.0000000','68cd5be8-4b92-4b2d-adfc-353749d22122');
INSERT INTO [DoctorSchedule] (ScheduleID,StartTime,EndTime,CalendarID) VALUES ('f9b5d4e8-4247-4dcb-b882-9e37f4a2602f','0001-01-01 08:30:00.0000000','0001-01-01 09:00:00.0000000','68cd5be8-4b92-4b2d-adfc-353749d22122');
INSERT INTO [DoctorSchedule] (ScheduleID,StartTime,EndTime,CalendarID) VALUES ('ba2f6a3c-0660-4bba-8135-5ea7d67fe624','0001-01-01 09:00:00.0000000','0001-01-01 09:30:00.0000000','68cd5be8-4b92-4b2d-adfc-353749d22122');
INSERT INTO [DoctorSchedule] (ScheduleID,StartTime,EndTime,CalendarID) VALUES ('536d303a-74a8-4a3e-9833-7dfc995cac7c','0001-01-01 09:30:00.0000000','0001-01-01 10:00:00.0000000','68cd5be8-4b92-4b2d-adfc-353749d22122');
INSERT INTO [DoctorSchedule] (ScheduleID,StartTime,EndTime,CalendarID) VALUES ('516070c9-a19f-42c7-acab-d4ea2abcc1e6','0001-01-01 10:00:00.0000000','0001-01-01 10:30:00.0000000','68cd5be8-4b92-4b2d-adfc-353749d22122');
INSERT INTO [DoctorSchedule] (ScheduleID,StartTime,EndTime,CalendarID) VALUES ('b2c61aae-1af9-4b1a-8ad6-85b23adecdc8','0001-01-01 10:30:00.0000000','0001-01-01 11:00:00.0000000','68cd5be8-4b92-4b2d-adfc-353749d22122');
INSERT INTO [DoctorSchedule] (ScheduleID,StartTime,EndTime,CalendarID) VALUES ('7e30a364-2f04-40ee-9953-b15fc50dbbec','0001-01-01 11:00:00.0000000','0001-01-01 11:30:00.0000000','68cd5be8-4b92-4b2d-adfc-353749d22122');
INSERT INTO [DoctorSchedule] (ScheduleID,StartTime,EndTime,CalendarID) VALUES ('08497755-1bf7-4cdc-a5a5-7037b145f6e8','0001-01-01 11:30:00.0000000','0001-01-01 12:00:00.0000000','68cd5be8-4b92-4b2d-adfc-353749d22122');
INSERT INTO [DoctorSchedule] (ScheduleID,StartTime,EndTime,CalendarID) VALUES ('a6ecda4a-40fe-4a4d-8bed-47ee8ad643fc','0001-01-01 12:00:00.0000000','0001-01-01 12:30:00.0000000','68cd5be8-4b92-4b2d-adfc-353749d22122');
INSERT INTO [DoctorSchedule] (ScheduleID,StartTime,EndTime,CalendarID) VALUES ('9215b832-eba4-4c41-80ce-6ef68a052a9f','0001-01-01 12:30:00.0000000','0001-01-01 13:00:00.0000000','68cd5be8-4b92-4b2d-adfc-353749d22122');
INSERT INTO [DoctorSchedule] (ScheduleID,StartTime,EndTime,CalendarID) VALUES ('57e71356-d79c-41ab-9e25-6fb0eeb8335d','0001-01-01 13:00:00.0000000','0001-01-01 13:30:00.0000000','68cd5be8-4b92-4b2d-adfc-353749d22122');
INSERT INTO [DoctorSchedule] (ScheduleID,StartTime,EndTime,CalendarID) VALUES ('2c57873e-d0da-4106-847e-6c811985ecd4','0001-01-01 13:30:00.0000000','0001-01-01 14:00:00.0000000','68cd5be8-4b92-4b2d-adfc-353749d22122');
INSERT INTO [DoctorSchedule] (ScheduleID,StartTime,EndTime,CalendarID) VALUES ('b4428c60-b977-4e41-ba5c-5ae9e8ab2b59','0001-01-01 14:00:00.0000000','0001-01-01 14:30:00.0000000','68cd5be8-4b92-4b2d-adfc-353749d22122');
INSERT INTO [DoctorSchedule] (ScheduleID,StartTime,EndTime,CalendarID) VALUES ('6e40a472-29ca-4878-8dc6-336d19c0b4d2','0001-01-01 14:30:00.0000000','0001-01-01 15:00:00.0000000','68cd5be8-4b92-4b2d-adfc-353749d22122');
INSERT INTO [DoctorSchedule] (ScheduleID,StartTime,EndTime,CalendarID) VALUES ('368afbeb-f7b7-4548-8d3e-95c9b3603850','0001-01-01 15:00:00.0000000','0001-01-01 15:30:00.0000000','68cd5be8-4b92-4b2d-adfc-353749d22122');
INSERT INTO [DoctorSchedule] (ScheduleID,StartTime,EndTime,CalendarID) VALUES ('09473fd4-e586-4930-8fa8-9d8b0e126f3d','0001-01-01 15:30:00.0000000','0001-01-01 16:00:00.0000000','68cd5be8-4b92-4b2d-adfc-353749d22122');
INSERT INTO [DoctorSchedule] (ScheduleID,StartTime,EndTime,CalendarID) VALUES ('40a0b2c7-4561-4510-908f-183fd05f4e58','0001-01-01 16:00:00.0000000','0001-01-01 16:30:00.0000000','68cd5be8-4b92-4b2d-adfc-353749d22122');
INSERT INTO [DoctorSchedule] (ScheduleID,StartTime,EndTime,CalendarID) VALUES ('a52d9f09-9136-4247-a3e1-056bee99f0bd','0001-01-01 16:30:00.0000000','0001-01-01 17:00:00.0000000','68cd5be8-4b92-4b2d-adfc-353749d22122');
INSERT INTO [DoctorSchedule] (ScheduleID,StartTime,EndTime,CalendarID) VALUES ('4b1852d9-a2aa-4119-9d8c-a71c000266d7','0001-01-01 17:00:00.0000000','0001-01-01 17:30:00.0000000','68cd5be8-4b92-4b2d-adfc-353749d22122');
INSERT INTO [DoctorSchedule] (ScheduleID,StartTime,EndTime,CalendarID) VALUES ('6dcf84fc-e6a7-4d8e-a5f8-47678008fbed','0001-01-01 17:30:00.0000000','0001-01-01 18:00:00.0000000','68cd5be8-4b92-4b2d-adfc-353749d22122');
INSERT INTO [DoctorSchedule] (ScheduleID,StartTime,EndTime,CalendarID) VALUES ('8ad9634c-956a-4e5f-a534-f2386aac9dd9','0001-01-01 07:00:00.0000000','0001-01-01 07:30:00.0000000','73753866-1527-405f-b7a9-b495f513d172');
INSERT INTO [DoctorSchedule] (ScheduleID,StartTime,EndTime,CalendarID) VALUES ('55d3c6ed-76a5-429d-9954-84c11480d637','0001-01-01 07:30:00.0000000','0001-01-01 08:00:00.0000000','73753866-1527-405f-b7a9-b495f513d172');
INSERT INTO [DoctorSchedule] (ScheduleID,StartTime,EndTime,CalendarID) VALUES ('b437b146-8a52-4dd5-bd00-38720bd7b300','0001-01-01 08:00:00.0000000','0001-01-01 08:30:00.0000000','73753866-1527-405f-b7a9-b495f513d172');
INSERT INTO [DoctorSchedule] (ScheduleID,StartTime,EndTime,CalendarID) VALUES ('f8f3821d-db48-404f-bc56-ba14471c5244','0001-01-01 08:30:00.0000000','0001-01-01 09:00:00.0000000','73753866-1527-405f-b7a9-b495f513d172');
INSERT INTO [DoctorSchedule] (ScheduleID,StartTime,EndTime,CalendarID) VALUES ('7c0c5ec4-35b8-4deb-aad5-260eb92dda9b','0001-01-01 09:00:00.0000000','0001-01-01 09:30:00.0000000','73753866-1527-405f-b7a9-b495f513d172');
INSERT INTO [DoctorSchedule] (ScheduleID,StartTime,EndTime,CalendarID) VALUES ('400a04fa-ab28-4177-a360-2580ad9b2de9','0001-01-01 09:30:00.0000000','0001-01-01 10:00:00.0000000','73753866-1527-405f-b7a9-b495f513d172');
INSERT INTO [DoctorSchedule] (ScheduleID,StartTime,EndTime,CalendarID) VALUES ('f4ea1b15-8a8f-41a7-9177-0877e811448c','0001-01-01 10:00:00.0000000','0001-01-01 10:30:00.0000000','73753866-1527-405f-b7a9-b495f513d172');
INSERT INTO [DoctorSchedule] (ScheduleID,StartTime,EndTime,CalendarID) VALUES ('1cec6311-7560-4600-a6fb-8392dced6dd5','0001-01-01 10:30:00.0000000','0001-01-01 11:00:00.0000000','73753866-1527-405f-b7a9-b495f513d172');
INSERT INTO [DoctorSchedule] (ScheduleID,StartTime,EndTime,CalendarID) VALUES ('d273419f-2aa5-4e15-b073-2238e5af7421','0001-01-01 11:00:00.0000000','0001-01-01 11:30:00.0000000','73753866-1527-405f-b7a9-b495f513d172');
INSERT INTO [DoctorSchedule] (ScheduleID,StartTime,EndTime,CalendarID) VALUES ('6c180513-7e19-4791-97ae-024acc04d5f5','0001-01-01 11:30:00.0000000','0001-01-01 12:00:00.0000000','73753866-1527-405f-b7a9-b495f513d172');
INSERT INTO [DoctorSchedule] (ScheduleID,StartTime,EndTime,CalendarID) VALUES ('f730f746-a4e3-4236-b572-15013f88ccec','0001-01-01 12:00:00.0000000','0001-01-01 12:30:00.0000000','73753866-1527-405f-b7a9-b495f513d172');
INSERT INTO [DoctorSchedule] (ScheduleID,StartTime,EndTime,CalendarID) VALUES ('49386c97-2f3f-4c22-9349-ad79ffda8bc9','0001-01-01 12:30:00.0000000','0001-01-01 13:00:00.0000000','73753866-1527-405f-b7a9-b495f513d172');
INSERT INTO [DoctorSchedule] (ScheduleID,StartTime,EndTime,CalendarID) VALUES ('dba537f0-5e93-4c75-800b-79e366099574','0001-01-01 13:00:00.0000000','0001-01-01 13:30:00.0000000','73753866-1527-405f-b7a9-b495f513d172');
INSERT INTO [DoctorSchedule] (ScheduleID,StartTime,EndTime,CalendarID) VALUES ('ee00ed2f-5af4-425b-aa86-8146aae51eee','0001-01-01 13:30:00.0000000','0001-01-01 14:00:00.0000000','73753866-1527-405f-b7a9-b495f513d172');
INSERT INTO [DoctorSchedule] (ScheduleID,StartTime,EndTime,CalendarID) VALUES ('4d76cf77-d2f4-45ba-b43e-57bb3f70ce58','0001-01-01 14:00:00.0000000','0001-01-01 14:30:00.0000000','73753866-1527-405f-b7a9-b495f513d172');
INSERT INTO [DoctorSchedule] (ScheduleID,StartTime,EndTime,CalendarID) VALUES ('9c52a9b6-8acb-4175-9b40-3c77a1ac8afe','0001-01-01 14:30:00.0000000','0001-01-01 15:00:00.0000000','73753866-1527-405f-b7a9-b495f513d172');
INSERT INTO [DoctorSchedule] (ScheduleID,StartTime,EndTime,CalendarID) VALUES ('7f783264-55fc-48ae-8ab6-4e1c4b0a8e4b','0001-01-01 15:00:00.0000000','0001-01-01 15:30:00.0000000','73753866-1527-405f-b7a9-b495f513d172');
INSERT INTO [DoctorSchedule] (ScheduleID,StartTime,EndTime,CalendarID) VALUES ('f8eb621d-ee1d-4576-8f64-0bfbe2c5aafc','0001-01-01 15:30:00.0000000','0001-01-01 16:00:00.0000000','73753866-1527-405f-b7a9-b495f513d172');
INSERT INTO [DoctorSchedule] (ScheduleID,StartTime,EndTime,CalendarID) VALUES ('53a5fa68-4270-4e3a-81ec-30e1e8fc54dc','0001-01-01 16:00:00.0000000','0001-01-01 16:30:00.0000000','73753866-1527-405f-b7a9-b495f513d172');
INSERT INTO [DoctorSchedule] (ScheduleID,StartTime,EndTime,CalendarID) VALUES ('ea05a15b-7ed3-48a6-9cf9-3abc6b62b78c','0001-01-01 16:30:00.0000000','0001-01-01 17:00:00.0000000','73753866-1527-405f-b7a9-b495f513d172');
INSERT INTO [DoctorSchedule] (ScheduleID,StartTime,EndTime,CalendarID) VALUES ('71623900-744f-402e-b1ab-a811db2df1b1','0001-01-01 17:00:00.0000000','0001-01-01 17:30:00.0000000','73753866-1527-405f-b7a9-b495f513d172');
INSERT INTO [DoctorSchedule] (ScheduleID,StartTime,EndTime,CalendarID) VALUES ('5dff761e-88b9-481f-a2c5-5da2f03f1d39','0001-01-01 17:30:00.0000000','0001-01-01 18:00:00.0000000','73753866-1527-405f-b7a9-b495f513d172');
INSERT INTO [DoctorSchedule] (ScheduleID,StartTime,EndTime,CalendarID) VALUES ('c386ab8c-1770-4e71-a288-b6267d5548ba','0001-01-01 07:00:00.0000000','0001-01-01 07:30:00.0000000','9a9a5b46-27d4-4fb3-93eb-4461b1c5acf6');
INSERT INTO [DoctorSchedule] (ScheduleID,StartTime,EndTime,CalendarID) VALUES ('7fe6f85d-e4d4-4891-bc0c-e2f21d1c8d6e','0001-01-01 07:30:00.0000000','0001-01-01 08:00:00.0000000','9a9a5b46-27d4-4fb3-93eb-4461b1c5acf6');
INSERT INTO [DoctorSchedule] (ScheduleID,StartTime,EndTime,CalendarID) VALUES ('cd64ac62-b27c-4d2b-a020-faa49067a993','0001-01-01 08:00:00.0000000','0001-01-01 08:30:00.0000000','9a9a5b46-27d4-4fb3-93eb-4461b1c5acf6');
INSERT INTO [DoctorSchedule] (ScheduleID,StartTime,EndTime,CalendarID) VALUES ('479f8dce-9f27-4507-87a6-c322b34ff6ac','0001-01-01 08:30:00.0000000','0001-01-01 09:00:00.0000000','9a9a5b46-27d4-4fb3-93eb-4461b1c5acf6');
INSERT INTO [DoctorSchedule] (ScheduleID,StartTime,EndTime,CalendarID) VALUES ('fc244d96-7406-48dc-8975-e85dba2014e3','0001-01-01 09:00:00.0000000','0001-01-01 09:30:00.0000000','9a9a5b46-27d4-4fb3-93eb-4461b1c5acf6');
INSERT INTO [DoctorSchedule] (ScheduleID,StartTime,EndTime,CalendarID) VALUES ('d940e63d-5905-4e33-9eb0-aeb067f1fd5a','0001-01-01 09:30:00.0000000','0001-01-01 10:00:00.0000000','9a9a5b46-27d4-4fb3-93eb-4461b1c5acf6');
INSERT INTO [DoctorSchedule] (ScheduleID,StartTime,EndTime,CalendarID) VALUES ('6c2d011c-f673-4b96-8dfe-9b55514bf1b0','0001-01-01 10:00:00.0000000','0001-01-01 10:30:00.0000000','9a9a5b46-27d4-4fb3-93eb-4461b1c5acf6');
INSERT INTO [DoctorSchedule] (ScheduleID,StartTime,EndTime,CalendarID) VALUES ('ca02036d-1d6b-4d23-b3d6-d66a5eb2a339','0001-01-01 10:30:00.0000000','0001-01-01 11:00:00.0000000','9a9a5b46-27d4-4fb3-93eb-4461b1c5acf6');
INSERT INTO [DoctorSchedule] (ScheduleID,StartTime,EndTime,CalendarID) VALUES ('7e1047d3-6ffa-4c78-87ae-db4c90c75381','0001-01-01 11:00:00.0000000','0001-01-01 11:30:00.0000000','9a9a5b46-27d4-4fb3-93eb-4461b1c5acf6');
INSERT INTO [DoctorSchedule] (ScheduleID,StartTime,EndTime,CalendarID) VALUES ('a5143871-c458-4b79-ac44-c4018a419cf9','0001-01-01 11:30:00.0000000','0001-01-01 12:00:00.0000000','9a9a5b46-27d4-4fb3-93eb-4461b1c5acf6');
INSERT INTO [DoctorSchedule] (ScheduleID,StartTime,EndTime,CalendarID) VALUES ('49a430d6-faf5-4bbc-b15c-80d94b106d4d','0001-01-01 12:00:00.0000000','0001-01-01 12:30:00.0000000','9a9a5b46-27d4-4fb3-93eb-4461b1c5acf6');
INSERT INTO [DoctorSchedule] (ScheduleID,StartTime,EndTime,CalendarID) VALUES ('ab3eaa56-c418-4065-b088-f66d728f8281','0001-01-01 12:30:00.0000000','0001-01-01 13:00:00.0000000','9a9a5b46-27d4-4fb3-93eb-4461b1c5acf6');
INSERT INTO [DoctorSchedule] (ScheduleID,StartTime,EndTime,CalendarID) VALUES ('6ea7a686-7ec7-4356-b43b-a0722d41ddcb','0001-01-01 13:00:00.0000000','0001-01-01 13:30:00.0000000','9a9a5b46-27d4-4fb3-93eb-4461b1c5acf6');
INSERT INTO [DoctorSchedule] (ScheduleID,StartTime,EndTime,CalendarID) VALUES ('4dcbea57-a8c1-4f24-a18e-e1be94db0d37','0001-01-01 13:30:00.0000000','0001-01-01 14:00:00.0000000','9a9a5b46-27d4-4fb3-93eb-4461b1c5acf6');
INSERT INTO [DoctorSchedule] (ScheduleID,StartTime,EndTime,CalendarID) VALUES ('e7e4a43e-7249-471f-8941-bd00e14f0e20','0001-01-01 14:00:00.0000000','0001-01-01 14:30:00.0000000','9a9a5b46-27d4-4fb3-93eb-4461b1c5acf6');
INSERT INTO [DoctorSchedule] (ScheduleID,StartTime,EndTime,CalendarID) VALUES ('f47ceacd-dc54-4c4f-9a9e-f382f1273810','0001-01-01 14:30:00.0000000','0001-01-01 15:00:00.0000000','9a9a5b46-27d4-4fb3-93eb-4461b1c5acf6');
INSERT INTO [DoctorSchedule] (ScheduleID,StartTime,EndTime,CalendarID) VALUES ('8e5f445d-2ea8-4492-b8f6-2c11a21bb49a','0001-01-01 15:00:00.0000000','0001-01-01 15:30:00.0000000','9a9a5b46-27d4-4fb3-93eb-4461b1c5acf6');
INSERT INTO [DoctorSchedule] (ScheduleID,StartTime,EndTime,CalendarID) VALUES ('0daafc4b-aab8-4cd7-8eab-339aa76c386e','0001-01-01 15:30:00.0000000','0001-01-01 16:00:00.0000000','9a9a5b46-27d4-4fb3-93eb-4461b1c5acf6');
INSERT INTO [DoctorSchedule] (ScheduleID,StartTime,EndTime,CalendarID) VALUES ('8e6abeac-b8ac-4449-a187-b104458be94d','0001-01-01 16:00:00.0000000','0001-01-01 16:30:00.0000000','9a9a5b46-27d4-4fb3-93eb-4461b1c5acf6');
INSERT INTO [DoctorSchedule] (ScheduleID,StartTime,EndTime,CalendarID) VALUES ('3952df7c-5007-4ac3-b0ad-71e181438c25','0001-01-01 16:30:00.0000000','0001-01-01 17:00:00.0000000','9a9a5b46-27d4-4fb3-93eb-4461b1c5acf6');
INSERT INTO [DoctorSchedule] (ScheduleID,StartTime,EndTime,CalendarID) VALUES ('8af3b6ea-f805-4cfa-a08f-36360514cad3','0001-01-01 17:00:00.0000000','0001-01-01 17:30:00.0000000','9a9a5b46-27d4-4fb3-93eb-4461b1c5acf6');
INSERT INTO [DoctorSchedule] (ScheduleID,StartTime,EndTime,CalendarID) VALUES ('e4adc84e-bc42-4f5d-af32-c74d58363758','0001-01-01 17:30:00.0000000','0001-01-01 18:00:00.0000000','9a9a5b46-27d4-4fb3-93eb-4461b1c5acf6');
INSERT INTO [DoctorSchedule] (ScheduleID,StartTime,EndTime,CalendarID) VALUES ('af08af66-210c-4634-99f7-0648fb06a4ff','0001-01-01 07:00:00.0000000','0001-01-01 07:30:00.0000000','527fd678-aec0-4814-ac40-f4729c3e46b1');
INSERT INTO [DoctorSchedule] (ScheduleID,StartTime,EndTime,CalendarID) VALUES ('e45c7d73-41c8-4361-b27c-9deb02ba46eb','0001-01-01 07:30:00.0000000','0001-01-01 08:00:00.0000000','527fd678-aec0-4814-ac40-f4729c3e46b1');
INSERT INTO [DoctorSchedule] (ScheduleID,StartTime,EndTime,CalendarID) VALUES ('e56456ec-887c-44ca-a736-e61cb95e9896','0001-01-01 08:00:00.0000000','0001-01-01 08:30:00.0000000','527fd678-aec0-4814-ac40-f4729c3e46b1');
INSERT INTO [DoctorSchedule] (ScheduleID,StartTime,EndTime,CalendarID) VALUES ('5e1f836b-69c4-4a1c-8820-0873f17a465a','0001-01-01 08:30:00.0000000','0001-01-01 09:00:00.0000000','527fd678-aec0-4814-ac40-f4729c3e46b1');
INSERT INTO [DoctorSchedule] (ScheduleID,StartTime,EndTime,CalendarID) VALUES ('199a8230-0c8d-4fdf-8672-90af84f488ea','0001-01-01 09:00:00.0000000','0001-01-01 09:30:00.0000000','527fd678-aec0-4814-ac40-f4729c3e46b1');
INSERT INTO [DoctorSchedule] (ScheduleID,StartTime,EndTime,CalendarID) VALUES ('d403de9b-3a99-4b41-a1a3-95ddc699b57e','0001-01-01 09:30:00.0000000','0001-01-01 10:00:00.0000000','527fd678-aec0-4814-ac40-f4729c3e46b1');
INSERT INTO [DoctorSchedule] (ScheduleID,StartTime,EndTime,CalendarID) VALUES ('2cdf94e7-d812-47d9-9c6e-849338327075','0001-01-01 10:00:00.0000000','0001-01-01 10:30:00.0000000','527fd678-aec0-4814-ac40-f4729c3e46b1');
INSERT INTO [DoctorSchedule] (ScheduleID,StartTime,EndTime,CalendarID) VALUES ('34f8e456-73fa-498b-acd6-3f4fbc67ca86','0001-01-01 10:30:00.0000000','0001-01-01 11:00:00.0000000','527fd678-aec0-4814-ac40-f4729c3e46b1');
INSERT INTO [DoctorSchedule] (ScheduleID,StartTime,EndTime,CalendarID) VALUES ('d7637bb4-8e53-4ce1-82a2-05863267579a','0001-01-01 11:00:00.0000000','0001-01-01 11:30:00.0000000','527fd678-aec0-4814-ac40-f4729c3e46b1');
INSERT INTO [DoctorSchedule] (ScheduleID,StartTime,EndTime,CalendarID) VALUES ('53ea125e-9bb6-4385-a846-fa4dc30d4247','0001-01-01 11:30:00.0000000','0001-01-01 12:00:00.0000000','527fd678-aec0-4814-ac40-f4729c3e46b1');
INSERT INTO [DoctorSchedule] (ScheduleID,StartTime,EndTime,CalendarID) VALUES ('8f83c1fc-88fd-42d4-83f7-2d07b6c53d98','0001-01-01 12:00:00.0000000','0001-01-01 12:30:00.0000000','527fd678-aec0-4814-ac40-f4729c3e46b1');
INSERT INTO [DoctorSchedule] (ScheduleID,StartTime,EndTime,CalendarID) VALUES ('5acfbf61-71ad-4bf8-892d-4c19da2c863f','0001-01-01 12:30:00.0000000','0001-01-01 13:00:00.0000000','527fd678-aec0-4814-ac40-f4729c3e46b1');
INSERT INTO [DoctorSchedule] (ScheduleID,StartTime,EndTime,CalendarID) VALUES ('3b5f6423-3647-4370-8f9e-0c8f9155bdf5','0001-01-01 13:00:00.0000000','0001-01-01 13:30:00.0000000','527fd678-aec0-4814-ac40-f4729c3e46b1');
INSERT INTO [DoctorSchedule] (ScheduleID,StartTime,EndTime,CalendarID) VALUES ('626fbf55-e0ea-4983-9232-dd12b9202c81','0001-01-01 13:30:00.0000000','0001-01-01 14:00:00.0000000','527fd678-aec0-4814-ac40-f4729c3e46b1');
INSERT INTO [DoctorSchedule] (ScheduleID,StartTime,EndTime,CalendarID) VALUES ('722c27a4-815b-4c86-8ad0-59e485cd5771','0001-01-01 14:00:00.0000000','0001-01-01 14:30:00.0000000','527fd678-aec0-4814-ac40-f4729c3e46b1');
INSERT INTO [DoctorSchedule] (ScheduleID,StartTime,EndTime,CalendarID) VALUES ('40e287a3-4e72-4aa5-afaf-5cdcfb1376bc','0001-01-01 14:30:00.0000000','0001-01-01 15:00:00.0000000','527fd678-aec0-4814-ac40-f4729c3e46b1');
INSERT INTO [DoctorSchedule] (ScheduleID,StartTime,EndTime,CalendarID) VALUES ('f9e231a0-ec9d-4007-84b0-eb81ce3e81bb','0001-01-01 15:00:00.0000000','0001-01-01 15:30:00.0000000','527fd678-aec0-4814-ac40-f4729c3e46b1');
INSERT INTO [DoctorSchedule] (ScheduleID,StartTime,EndTime,CalendarID) VALUES ('b17506a3-ad62-47ee-ab74-f46f935dc2f4','0001-01-01 15:30:00.0000000','0001-01-01 16:00:00.0000000','527fd678-aec0-4814-ac40-f4729c3e46b1');
INSERT INTO [DoctorSchedule] (ScheduleID,StartTime,EndTime,CalendarID) VALUES ('961635a7-43ea-48c9-ad50-8cdfb3aa7cfa','0001-01-01 16:00:00.0000000','0001-01-01 16:30:00.0000000','527fd678-aec0-4814-ac40-f4729c3e46b1');
INSERT INTO [DoctorSchedule] (ScheduleID,StartTime,EndTime,CalendarID) VALUES ('f5a917a2-aafd-4497-95fc-e44acb93de84','0001-01-01 16:30:00.0000000','0001-01-01 17:00:00.0000000','527fd678-aec0-4814-ac40-f4729c3e46b1');
INSERT INTO [DoctorSchedule] (ScheduleID,StartTime,EndTime,CalendarID) VALUES ('0880b346-749e-451d-8e76-c354394317f5','0001-01-01 17:00:00.0000000','0001-01-01 17:30:00.0000000','527fd678-aec0-4814-ac40-f4729c3e46b1');
INSERT INTO [DoctorSchedule] (ScheduleID,StartTime,EndTime,CalendarID) VALUES ('762b126c-d81b-4a63-ba69-253eb008848e','0001-01-01 17:30:00.0000000','0001-01-01 18:00:00.0000000','527fd678-aec0-4814-ac40-f4729c3e46b1');
INSERT INTO [DoctorSchedule] (ScheduleID,StartTime,EndTime,CalendarID) VALUES ('e15b82c3-406b-4580-9c85-44d07972aa62','0001-01-01 07:00:00.0000000','0001-01-01 07:30:00.0000000','71b0ff37-b1a3-4240-88e6-d9a990dc41b0');
INSERT INTO [DoctorSchedule] (ScheduleID,StartTime,EndTime,CalendarID) VALUES ('3cbcc295-a529-432a-800a-97d0571b2df4','0001-01-01 07:30:00.0000000','0001-01-01 08:00:00.0000000','71b0ff37-b1a3-4240-88e6-d9a990dc41b0');
INSERT INTO [DoctorSchedule] (ScheduleID,StartTime,EndTime,CalendarID) VALUES ('bd8865f2-9904-4ef4-ad71-2f7f41693fd5','0001-01-01 08:00:00.0000000','0001-01-01 08:30:00.0000000','71b0ff37-b1a3-4240-88e6-d9a990dc41b0');
INSERT INTO [DoctorSchedule] (ScheduleID,StartTime,EndTime,CalendarID) VALUES ('493b01dd-1b42-469c-88b2-afa427bd748a','0001-01-01 08:30:00.0000000','0001-01-01 09:00:00.0000000','71b0ff37-b1a3-4240-88e6-d9a990dc41b0');
INSERT INTO [DoctorSchedule] (ScheduleID,StartTime,EndTime,CalendarID) VALUES ('2f8c1832-dceb-4c7d-afec-5550b4a885f0','0001-01-01 09:00:00.0000000','0001-01-01 09:30:00.0000000','71b0ff37-b1a3-4240-88e6-d9a990dc41b0');
INSERT INTO [DoctorSchedule] (ScheduleID,StartTime,EndTime,CalendarID) VALUES ('b2ecaade-eac8-4a22-9c5e-179487e37967','0001-01-01 09:30:00.0000000','0001-01-01 10:00:00.0000000','71b0ff37-b1a3-4240-88e6-d9a990dc41b0');
INSERT INTO [DoctorSchedule] (ScheduleID,StartTime,EndTime,CalendarID) VALUES ('627b57ad-92cc-4946-924c-de3e312acfb7','0001-01-01 10:00:00.0000000','0001-01-01 10:30:00.0000000','71b0ff37-b1a3-4240-88e6-d9a990dc41b0');
INSERT INTO [DoctorSchedule] (ScheduleID,StartTime,EndTime,CalendarID) VALUES ('d9b21b9a-b044-4678-b791-f74fc9b34339','0001-01-01 10:30:00.0000000','0001-01-01 11:00:00.0000000','71b0ff37-b1a3-4240-88e6-d9a990dc41b0');
INSERT INTO [DoctorSchedule] (ScheduleID,StartTime,EndTime,CalendarID) VALUES ('e1c8de68-4afe-47c5-a47d-3e3698674489','0001-01-01 11:00:00.0000000','0001-01-01 11:30:00.0000000','71b0ff37-b1a3-4240-88e6-d9a990dc41b0');
INSERT INTO [DoctorSchedule] (ScheduleID,StartTime,EndTime,CalendarID) VALUES ('33cd9bde-474c-4072-9ec4-410891047efe','0001-01-01 11:30:00.0000000','0001-01-01 12:00:00.0000000','71b0ff37-b1a3-4240-88e6-d9a990dc41b0');
INSERT INTO [DoctorSchedule] (ScheduleID,StartTime,EndTime,CalendarID) VALUES ('dad5fc19-8f3e-4913-bfbf-d2703f6d72f2','0001-01-01 12:00:00.0000000','0001-01-01 12:30:00.0000000','71b0ff37-b1a3-4240-88e6-d9a990dc41b0');
INSERT INTO [DoctorSchedule] (ScheduleID,StartTime,EndTime,CalendarID) VALUES ('9796977a-19a4-45d3-9d3d-a16e6842351d','0001-01-01 12:30:00.0000000','0001-01-01 13:00:00.0000000','71b0ff37-b1a3-4240-88e6-d9a990dc41b0');
INSERT INTO [DoctorSchedule] (ScheduleID,StartTime,EndTime,CalendarID) VALUES ('be7f9254-fb2f-4030-87e4-5b21b449fd8e','0001-01-01 13:00:00.0000000','0001-01-01 13:30:00.0000000','71b0ff37-b1a3-4240-88e6-d9a990dc41b0');
INSERT INTO [DoctorSchedule] (ScheduleID,StartTime,EndTime,CalendarID) VALUES ('a8068ccc-c029-415b-9a6a-cae5b5fb478d','0001-01-01 13:30:00.0000000','0001-01-01 14:00:00.0000000','71b0ff37-b1a3-4240-88e6-d9a990dc41b0');
INSERT INTO [DoctorSchedule] (ScheduleID,StartTime,EndTime,CalendarID) VALUES ('699afb07-9875-4e3d-b96a-4b0b552057b9','0001-01-01 14:00:00.0000000','0001-01-01 14:30:00.0000000','71b0ff37-b1a3-4240-88e6-d9a990dc41b0');
INSERT INTO [DoctorSchedule] (ScheduleID,StartTime,EndTime,CalendarID) VALUES ('ce22fb1d-e861-40c7-9976-545d7c454088','0001-01-01 14:30:00.0000000','0001-01-01 15:00:00.0000000','71b0ff37-b1a3-4240-88e6-d9a990dc41b0');
INSERT INTO [DoctorSchedule] (ScheduleID,StartTime,EndTime,CalendarID) VALUES ('7c5dde15-c36d-4fd3-acd6-84852b436b9f','0001-01-01 15:00:00.0000000','0001-01-01 15:30:00.0000000','71b0ff37-b1a3-4240-88e6-d9a990dc41b0');
INSERT INTO [DoctorSchedule] (ScheduleID,StartTime,EndTime,CalendarID) VALUES ('fe5fcb3b-52d2-4b1e-a430-721ce217018f','0001-01-01 15:30:00.0000000','0001-01-01 16:00:00.0000000','71b0ff37-b1a3-4240-88e6-d9a990dc41b0');
INSERT INTO [DoctorSchedule] (ScheduleID,StartTime,EndTime,CalendarID) VALUES ('7e524857-f9d6-4441-9d4c-9ae1c9d5ab0f','0001-01-01 16:00:00.0000000','0001-01-01 16:30:00.0000000','71b0ff37-b1a3-4240-88e6-d9a990dc41b0');
INSERT INTO [DoctorSchedule] (ScheduleID,StartTime,EndTime,CalendarID) VALUES ('f6046dff-a26e-44d1-96ab-8d566f9ed2e1','0001-01-01 16:30:00.0000000','0001-01-01 17:00:00.0000000','71b0ff37-b1a3-4240-88e6-d9a990dc41b0');
INSERT INTO [DoctorSchedule] (ScheduleID,StartTime,EndTime,CalendarID) VALUES ('d1d4fc03-afb6-4d0f-b707-487e55880ad6','0001-01-01 17:00:00.0000000','0001-01-01 17:30:00.0000000','71b0ff37-b1a3-4240-88e6-d9a990dc41b0');
INSERT INTO [DoctorSchedule] (ScheduleID,StartTime,EndTime,CalendarID) VALUES ('490fbb51-94d3-40cd-bf87-64209de565e4','0001-01-01 17:30:00.0000000','0001-01-01 18:00:00.0000000','71b0ff37-b1a3-4240-88e6-d9a990dc41b0');
INSERT INTO [DoctorSchedule] (ScheduleID,StartTime,EndTime,CalendarID) VALUES ('08f51d1a-04bf-4e56-b1da-41933fe39920','0001-01-01 07:00:00.0000000','0001-01-01 07:30:00.0000000','c69dac23-c1b1-4ab0-aed4-bde16b97869a');
INSERT INTO [DoctorSchedule] (ScheduleID,StartTime,EndTime,CalendarID) VALUES ('d7ebc292-21b9-446d-97f7-48e06c42b7d1','0001-01-01 07:30:00.0000000','0001-01-01 08:00:00.0000000','c69dac23-c1b1-4ab0-aed4-bde16b97869a');
INSERT INTO [DoctorSchedule] (ScheduleID,StartTime,EndTime,CalendarID) VALUES ('bbd91098-4f79-49db-9d6f-634b3beb0c0a','0001-01-01 08:00:00.0000000','0001-01-01 08:30:00.0000000','c69dac23-c1b1-4ab0-aed4-bde16b97869a');
INSERT INTO [DoctorSchedule] (ScheduleID,StartTime,EndTime,CalendarID) VALUES ('dfbe21dc-7574-421b-b676-658493f07c94','0001-01-01 08:30:00.0000000','0001-01-01 09:00:00.0000000','c69dac23-c1b1-4ab0-aed4-bde16b97869a');
INSERT INTO [DoctorSchedule] (ScheduleID,StartTime,EndTime,CalendarID) VALUES ('9eb1afaa-021c-4603-8066-01231080c761','0001-01-01 09:00:00.0000000','0001-01-01 09:30:00.0000000','c69dac23-c1b1-4ab0-aed4-bde16b97869a');
INSERT INTO [DoctorSchedule] (ScheduleID,StartTime,EndTime,CalendarID) VALUES ('7a7fb5a4-b9fc-4fb1-9958-941ba1fa7c2e','0001-01-01 09:30:00.0000000','0001-01-01 10:00:00.0000000','c69dac23-c1b1-4ab0-aed4-bde16b97869a');
INSERT INTO [DoctorSchedule] (ScheduleID,StartTime,EndTime,CalendarID) VALUES ('345ab223-d056-4b28-8dae-c9f2b40ca62f','0001-01-01 10:00:00.0000000','0001-01-01 10:30:00.0000000','c69dac23-c1b1-4ab0-aed4-bde16b97869a');
INSERT INTO [DoctorSchedule] (ScheduleID,StartTime,EndTime,CalendarID) VALUES ('5d4415c7-4d56-4937-b067-7953871f7234','0001-01-01 10:30:00.0000000','0001-01-01 11:00:00.0000000','c69dac23-c1b1-4ab0-aed4-bde16b97869a');
INSERT INTO [DoctorSchedule] (ScheduleID,StartTime,EndTime,CalendarID) VALUES ('07eca2e6-a2f6-4832-b258-876d9fa065a0','0001-01-01 11:00:00.0000000','0001-01-01 11:30:00.0000000','c69dac23-c1b1-4ab0-aed4-bde16b97869a');
INSERT INTO [DoctorSchedule] (ScheduleID,StartTime,EndTime,CalendarID) VALUES ('2cce72b1-4dd8-4913-9ebc-f26e1b3f2ce9','0001-01-01 11:30:00.0000000','0001-01-01 12:00:00.0000000','c69dac23-c1b1-4ab0-aed4-bde16b97869a');
INSERT INTO [DoctorSchedule] (ScheduleID,StartTime,EndTime,CalendarID) VALUES ('8fd662e4-ee7f-4ba0-b787-09d1045b4e06','0001-01-01 12:00:00.0000000','0001-01-01 12:30:00.0000000','c69dac23-c1b1-4ab0-aed4-bde16b97869a');
INSERT INTO [DoctorSchedule] (ScheduleID,StartTime,EndTime,CalendarID) VALUES ('8ab448f1-0eaa-49d3-ae34-1b5b7d65d1cd','0001-01-01 12:30:00.0000000','0001-01-01 13:00:00.0000000','c69dac23-c1b1-4ab0-aed4-bde16b97869a');
INSERT INTO [DoctorSchedule] (ScheduleID,StartTime,EndTime,CalendarID) VALUES ('7f1e9420-a014-42a0-b8a4-8f3fe9ac947c','0001-01-01 13:00:00.0000000','0001-01-01 13:30:00.0000000','c69dac23-c1b1-4ab0-aed4-bde16b97869a');
INSERT INTO [DoctorSchedule] (ScheduleID,StartTime,EndTime,CalendarID) VALUES ('98a63563-f170-4153-a835-6271a5362ec5','0001-01-01 13:30:00.0000000','0001-01-01 14:00:00.0000000','c69dac23-c1b1-4ab0-aed4-bde16b97869a');
INSERT INTO [DoctorSchedule] (ScheduleID,StartTime,EndTime,CalendarID) VALUES ('1c7eb95e-42e0-4419-924e-59f3ce06ad98','0001-01-01 14:00:00.0000000','0001-01-01 14:30:00.0000000','c69dac23-c1b1-4ab0-aed4-bde16b97869a');
INSERT INTO [DoctorSchedule] (ScheduleID,StartTime,EndTime,CalendarID) VALUES ('ded12e30-e407-4abd-93d6-a924644fc81a','0001-01-01 14:30:00.0000000','0001-01-01 15:00:00.0000000','c69dac23-c1b1-4ab0-aed4-bde16b97869a');
INSERT INTO [DoctorSchedule] (ScheduleID,StartTime,EndTime,CalendarID) VALUES ('08e3d507-3f14-425e-bad0-8bf56c8c6002','0001-01-01 15:00:00.0000000','0001-01-01 15:30:00.0000000','c69dac23-c1b1-4ab0-aed4-bde16b97869a');
INSERT INTO [DoctorSchedule] (ScheduleID,StartTime,EndTime,CalendarID) VALUES ('5a0c7949-89c0-4c08-9cf3-61d7bcb66690','0001-01-01 15:30:00.0000000','0001-01-01 16:00:00.0000000','c69dac23-c1b1-4ab0-aed4-bde16b97869a');
INSERT INTO [DoctorSchedule] (ScheduleID,StartTime,EndTime,CalendarID) VALUES ('00cb1790-b187-43f0-a72d-b053d589a8a0','0001-01-01 16:00:00.0000000','0001-01-01 16:30:00.0000000','c69dac23-c1b1-4ab0-aed4-bde16b97869a');
INSERT INTO [DoctorSchedule] (ScheduleID,StartTime,EndTime,CalendarID) VALUES ('d3a5199f-0be7-40ed-98e4-823c85573b71','0001-01-01 16:30:00.0000000','0001-01-01 17:00:00.0000000','c69dac23-c1b1-4ab0-aed4-bde16b97869a');
INSERT INTO [DoctorSchedule] (ScheduleID,StartTime,EndTime,CalendarID) VALUES ('0199bc5a-a475-492c-8288-13c163eafd3a','0001-01-01 17:00:00.0000000','0001-01-01 17:30:00.0000000','c69dac23-c1b1-4ab0-aed4-bde16b97869a');
INSERT INTO [DoctorSchedule] (ScheduleID,StartTime,EndTime,CalendarID) VALUES ('a45beef4-643f-46bd-896a-c9ee527789df','0001-01-01 17:30:00.0000000','0001-01-01 18:00:00.0000000','c69dac23-c1b1-4ab0-aed4-bde16b97869a');
INSERT INTO [DoctorSchedule] (ScheduleID,StartTime,EndTime,CalendarID) VALUES ('dc479685-0b8d-42ce-b4cf-49660b2a9f1d','0001-01-01 07:00:00.0000000','0001-01-01 07:30:00.0000000','a8e8e6c0-e7ad-4838-bc45-a3ee6efa5ccd');
INSERT INTO [DoctorSchedule] (ScheduleID,StartTime,EndTime,CalendarID) VALUES ('c0714dc8-08a8-4f6d-8ab2-eee93db44646','0001-01-01 07:30:00.0000000','0001-01-01 08:00:00.0000000','a8e8e6c0-e7ad-4838-bc45-a3ee6efa5ccd');
INSERT INTO [DoctorSchedule] (ScheduleID,StartTime,EndTime,CalendarID) VALUES ('ae212ee4-ecf8-463e-9fbb-55909f138825','0001-01-01 08:00:00.0000000','0001-01-01 08:30:00.0000000','a8e8e6c0-e7ad-4838-bc45-a3ee6efa5ccd');
INSERT INTO [DoctorSchedule] (ScheduleID,StartTime,EndTime,CalendarID) VALUES ('8303c57c-20d4-43d1-9294-4d7f7cf462f4','0001-01-01 08:30:00.0000000','0001-01-01 09:00:00.0000000','a8e8e6c0-e7ad-4838-bc45-a3ee6efa5ccd');
INSERT INTO [DoctorSchedule] (ScheduleID,StartTime,EndTime,CalendarID) VALUES ('c82f4197-7915-42fa-b32b-188151420ad3','0001-01-01 09:00:00.0000000','0001-01-01 09:30:00.0000000','a8e8e6c0-e7ad-4838-bc45-a3ee6efa5ccd');
INSERT INTO [DoctorSchedule] (ScheduleID,StartTime,EndTime,CalendarID) VALUES ('c8ee7f53-2bad-46bf-b5e5-6f7b437ea1d9','0001-01-01 09:30:00.0000000','0001-01-01 10:00:00.0000000','a8e8e6c0-e7ad-4838-bc45-a3ee6efa5ccd');
INSERT INTO [DoctorSchedule] (ScheduleID,StartTime,EndTime,CalendarID) VALUES ('a0429eab-406a-492e-9e37-956bb99f8813','0001-01-01 10:00:00.0000000','0001-01-01 10:30:00.0000000','a8e8e6c0-e7ad-4838-bc45-a3ee6efa5ccd');
INSERT INTO [DoctorSchedule] (ScheduleID,StartTime,EndTime,CalendarID) VALUES ('20d6dda6-da5f-40f4-803d-c0ca44114191','0001-01-01 10:30:00.0000000','0001-01-01 11:00:00.0000000','a8e8e6c0-e7ad-4838-bc45-a3ee6efa5ccd');
INSERT INTO [DoctorSchedule] (ScheduleID,StartTime,EndTime,CalendarID) VALUES ('05356bea-6b53-4d5c-9e68-7532830138d6','0001-01-01 11:00:00.0000000','0001-01-01 11:30:00.0000000','a8e8e6c0-e7ad-4838-bc45-a3ee6efa5ccd');
INSERT INTO [DoctorSchedule] (ScheduleID,StartTime,EndTime,CalendarID) VALUES ('f1ed3b20-505e-481f-adda-98fe351658d4','0001-01-01 11:30:00.0000000','0001-01-01 12:00:00.0000000','a8e8e6c0-e7ad-4838-bc45-a3ee6efa5ccd');
INSERT INTO [DoctorSchedule] (ScheduleID,StartTime,EndTime,CalendarID) VALUES ('9a783b1b-bbfc-4183-a2fc-539c7da728c6','0001-01-01 12:00:00.0000000','0001-01-01 12:30:00.0000000','a8e8e6c0-e7ad-4838-bc45-a3ee6efa5ccd');
INSERT INTO [DoctorSchedule] (ScheduleID,StartTime,EndTime,CalendarID) VALUES ('31aaa2e3-09fd-4e1e-91de-74e937c7c3f4','0001-01-01 12:30:00.0000000','0001-01-01 13:00:00.0000000','a8e8e6c0-e7ad-4838-bc45-a3ee6efa5ccd');
INSERT INTO [DoctorSchedule] (ScheduleID,StartTime,EndTime,CalendarID) VALUES ('1f44578c-c40a-4ece-b2eb-cce07e50021e','0001-01-01 13:00:00.0000000','0001-01-01 13:30:00.0000000','a8e8e6c0-e7ad-4838-bc45-a3ee6efa5ccd');
INSERT INTO [DoctorSchedule] (ScheduleID,StartTime,EndTime,CalendarID) VALUES ('5057f574-d621-40c0-9814-0e06071c7208','0001-01-01 13:30:00.0000000','0001-01-01 14:00:00.0000000','a8e8e6c0-e7ad-4838-bc45-a3ee6efa5ccd');
INSERT INTO [DoctorSchedule] (ScheduleID,StartTime,EndTime,CalendarID) VALUES ('11c11e7c-7d80-4f02-b402-ea6d9fc42fa7','0001-01-01 14:00:00.0000000','0001-01-01 14:30:00.0000000','a8e8e6c0-e7ad-4838-bc45-a3ee6efa5ccd');
INSERT INTO [DoctorSchedule] (ScheduleID,StartTime,EndTime,CalendarID) VALUES ('1ccc51f4-b810-47c9-a176-d9d206442b17','0001-01-01 14:30:00.0000000','0001-01-01 15:00:00.0000000','a8e8e6c0-e7ad-4838-bc45-a3ee6efa5ccd');
INSERT INTO [DoctorSchedule] (ScheduleID,StartTime,EndTime,CalendarID) VALUES ('95a0dc71-cbd2-402d-bf41-33a2b9feb81f','0001-01-01 15:00:00.0000000','0001-01-01 15:30:00.0000000','a8e8e6c0-e7ad-4838-bc45-a3ee6efa5ccd');
INSERT INTO [DoctorSchedule] (ScheduleID,StartTime,EndTime,CalendarID) VALUES ('a23d76c2-48ce-445d-bfaf-a004468c0e66','0001-01-01 15:30:00.0000000','0001-01-01 16:00:00.0000000','a8e8e6c0-e7ad-4838-bc45-a3ee6efa5ccd');
INSERT INTO [DoctorSchedule] (ScheduleID,StartTime,EndTime,CalendarID) VALUES ('9bcc2041-8cbb-4d5d-8dca-3fb222232e36','0001-01-01 16:00:00.0000000','0001-01-01 16:30:00.0000000','a8e8e6c0-e7ad-4838-bc45-a3ee6efa5ccd');
INSERT INTO [DoctorSchedule] (ScheduleID,StartTime,EndTime,CalendarID) VALUES ('9457c09d-a150-4357-8e2b-d83a5b192d82','0001-01-01 16:30:00.0000000','0001-01-01 17:00:00.0000000','a8e8e6c0-e7ad-4838-bc45-a3ee6efa5ccd');
INSERT INTO [DoctorSchedule] (ScheduleID,StartTime,EndTime,CalendarID) VALUES ('708571cf-37b0-42c0-9e97-2e3394fce1c6','0001-01-01 17:00:00.0000000','0001-01-01 17:30:00.0000000','a8e8e6c0-e7ad-4838-bc45-a3ee6efa5ccd');
INSERT INTO [DoctorSchedule] (ScheduleID,StartTime,EndTime,CalendarID) VALUES ('72d30256-382e-4580-8080-b809a5654d1f','0001-01-01 17:30:00.0000000','0001-01-01 18:00:00.0000000','a8e8e6c0-e7ad-4838-bc45-a3ee6efa5ccd');
INSERT INTO [DoctorSchedule] (ScheduleID,StartTime,EndTime,CalendarID) VALUES ('a85147da-b5a1-4bad-a04a-e9ffa877a159','0001-01-01 07:00:00.0000000','0001-01-01 07:30:00.0000000','982ddf75-2330-4f37-b37a-9f3e0d5e605f');
INSERT INTO [DoctorSchedule] (ScheduleID,StartTime,EndTime,CalendarID) VALUES ('a0dec93e-ffab-40b1-86b6-d1a374600a12','0001-01-01 07:30:00.0000000','0001-01-01 08:00:00.0000000','982ddf75-2330-4f37-b37a-9f3e0d5e605f');
INSERT INTO [DoctorSchedule] (ScheduleID,StartTime,EndTime,CalendarID) VALUES ('40df2655-1429-430c-833a-00b38327a545','0001-01-01 08:00:00.0000000','0001-01-01 08:30:00.0000000','982ddf75-2330-4f37-b37a-9f3e0d5e605f');
INSERT INTO [DoctorSchedule] (ScheduleID,StartTime,EndTime,CalendarID) VALUES ('ffb934b0-8c3a-4d52-ba7f-85a2926991ba','0001-01-01 08:30:00.0000000','0001-01-01 09:00:00.0000000','982ddf75-2330-4f37-b37a-9f3e0d5e605f');
INSERT INTO [DoctorSchedule] (ScheduleID,StartTime,EndTime,CalendarID) VALUES ('5f2badf1-89b6-46a9-bf30-8f59e6ebb0c1','0001-01-01 09:00:00.0000000','0001-01-01 09:30:00.0000000','982ddf75-2330-4f37-b37a-9f3e0d5e605f');
INSERT INTO [DoctorSchedule] (ScheduleID,StartTime,EndTime,CalendarID) VALUES ('56250f3c-ddac-4c59-9ae2-ee7d5bc5a613','0001-01-01 09:30:00.0000000','0001-01-01 10:00:00.0000000','982ddf75-2330-4f37-b37a-9f3e0d5e605f');
INSERT INTO [DoctorSchedule] (ScheduleID,StartTime,EndTime,CalendarID) VALUES ('9f8c0b0c-2b93-4663-a856-cd03468fa474','0001-01-01 10:00:00.0000000','0001-01-01 10:30:00.0000000','982ddf75-2330-4f37-b37a-9f3e0d5e605f');
INSERT INTO [DoctorSchedule] (ScheduleID,StartTime,EndTime,CalendarID) VALUES ('628d944d-ba6f-4648-ab17-78bb386469c7','0001-01-01 10:30:00.0000000','0001-01-01 11:00:00.0000000','982ddf75-2330-4f37-b37a-9f3e0d5e605f');
INSERT INTO [DoctorSchedule] (ScheduleID,StartTime,EndTime,CalendarID) VALUES ('1dab2fe9-0969-4638-88db-8ec62f7e0bdb','0001-01-01 11:00:00.0000000','0001-01-01 11:30:00.0000000','982ddf75-2330-4f37-b37a-9f3e0d5e605f');
INSERT INTO [DoctorSchedule] (ScheduleID,StartTime,EndTime,CalendarID) VALUES ('aebb80df-fc74-4fa1-929b-55f491406406','0001-01-01 11:30:00.0000000','0001-01-01 12:00:00.0000000','982ddf75-2330-4f37-b37a-9f3e0d5e605f');
INSERT INTO [DoctorSchedule] (ScheduleID,StartTime,EndTime,CalendarID) VALUES ('319a74e7-2478-41f1-8eb0-3bb7464096ee','0001-01-01 12:00:00.0000000','0001-01-01 12:30:00.0000000','982ddf75-2330-4f37-b37a-9f3e0d5e605f');
INSERT INTO [DoctorSchedule] (ScheduleID,StartTime,EndTime,CalendarID) VALUES ('b0b45470-1b05-469f-bc84-6ea9d0bfed6d','0001-01-01 12:30:00.0000000','0001-01-01 13:00:00.0000000','982ddf75-2330-4f37-b37a-9f3e0d5e605f');
INSERT INTO [DoctorSchedule] (ScheduleID,StartTime,EndTime,CalendarID) VALUES ('b887231c-cb83-424d-931c-853f036a17bc','0001-01-01 13:00:00.0000000','0001-01-01 13:30:00.0000000','982ddf75-2330-4f37-b37a-9f3e0d5e605f');
INSERT INTO [DoctorSchedule] (ScheduleID,StartTime,EndTime,CalendarID) VALUES ('5e3b6fd5-5c36-4dfe-bde3-316d56c2e39c','0001-01-01 13:30:00.0000000','0001-01-01 14:00:00.0000000','982ddf75-2330-4f37-b37a-9f3e0d5e605f');
INSERT INTO [DoctorSchedule] (ScheduleID,StartTime,EndTime,CalendarID) VALUES ('7c759603-5f92-433e-8bfa-3ba0ded62e9c','0001-01-01 14:00:00.0000000','0001-01-01 14:30:00.0000000','982ddf75-2330-4f37-b37a-9f3e0d5e605f');
INSERT INTO [DoctorSchedule] (ScheduleID,StartTime,EndTime,CalendarID) VALUES ('99d2867d-3098-4d99-9770-52e67e02de9c','0001-01-01 14:30:00.0000000','0001-01-01 15:00:00.0000000','982ddf75-2330-4f37-b37a-9f3e0d5e605f');
INSERT INTO [DoctorSchedule] (ScheduleID,StartTime,EndTime,CalendarID) VALUES ('6efda57c-2ad7-422d-8ac3-7b8ea1810395','0001-01-01 15:00:00.0000000','0001-01-01 15:30:00.0000000','982ddf75-2330-4f37-b37a-9f3e0d5e605f');
INSERT INTO [DoctorSchedule] (ScheduleID,StartTime,EndTime,CalendarID) VALUES ('746c5a76-66eb-4311-8193-90cc7969c2e2','0001-01-01 15:30:00.0000000','0001-01-01 16:00:00.0000000','982ddf75-2330-4f37-b37a-9f3e0d5e605f');
INSERT INTO [DoctorSchedule] (ScheduleID,StartTime,EndTime,CalendarID) VALUES ('186e9b14-2f26-49f1-a67d-de1ca09e93e5','0001-01-01 16:00:00.0000000','0001-01-01 16:30:00.0000000','982ddf75-2330-4f37-b37a-9f3e0d5e605f');
INSERT INTO [DoctorSchedule] (ScheduleID,StartTime,EndTime,CalendarID) VALUES ('67f0b909-16cd-40bc-94dc-3f3760d19a12','0001-01-01 16:30:00.0000000','0001-01-01 17:00:00.0000000','982ddf75-2330-4f37-b37a-9f3e0d5e605f');
INSERT INTO [DoctorSchedule] (ScheduleID,StartTime,EndTime,CalendarID) VALUES ('f0cb2120-271d-4392-841f-aa4b24c5541e','0001-01-01 17:00:00.0000000','0001-01-01 17:30:00.0000000','982ddf75-2330-4f37-b37a-9f3e0d5e605f');
INSERT INTO [DoctorSchedule] (ScheduleID,StartTime,EndTime,CalendarID) VALUES ('43ffd40e-2548-48f1-8d25-8cdfb8e83ec6','0001-01-01 17:30:00.0000000','0001-01-01 18:00:00.0000000','982ddf75-2330-4f37-b37a-9f3e0d5e605f');
INSERT INTO [DoctorSchedule] (ScheduleID,StartTime,EndTime,CalendarID) VALUES ('4bcc8821-45f5-40b6-8f35-2949aa030eb0','0001-01-01 07:00:00.0000000','0001-01-01 07:30:00.0000000','cb51abaf-0199-4c0d-9e59-3dc77a3db508');
INSERT INTO [DoctorSchedule] (ScheduleID,StartTime,EndTime,CalendarID) VALUES ('ddf762c1-75b4-4362-b14f-d401968d8206','0001-01-01 07:30:00.0000000','0001-01-01 08:00:00.0000000','cb51abaf-0199-4c0d-9e59-3dc77a3db508');
INSERT INTO [DoctorSchedule] (ScheduleID,StartTime,EndTime,CalendarID) VALUES ('cb16c703-3f4b-4242-9437-b957da623ae6','0001-01-01 08:00:00.0000000','0001-01-01 08:30:00.0000000','cb51abaf-0199-4c0d-9e59-3dc77a3db508');
INSERT INTO [DoctorSchedule] (ScheduleID,StartTime,EndTime,CalendarID) VALUES ('24a39286-a4af-4678-a6e6-5f1cc823fb19','0001-01-01 08:30:00.0000000','0001-01-01 09:00:00.0000000','cb51abaf-0199-4c0d-9e59-3dc77a3db508');
INSERT INTO [DoctorSchedule] (ScheduleID,StartTime,EndTime,CalendarID) VALUES ('97822939-7c03-4dc8-ab61-ff1e93dae084','0001-01-01 09:00:00.0000000','0001-01-01 09:30:00.0000000','cb51abaf-0199-4c0d-9e59-3dc77a3db508');
INSERT INTO [DoctorSchedule] (ScheduleID,StartTime,EndTime,CalendarID) VALUES ('b6f14b61-40fe-41b3-9b19-a66e727caf1d','0001-01-01 09:30:00.0000000','0001-01-01 10:00:00.0000000','cb51abaf-0199-4c0d-9e59-3dc77a3db508');
INSERT INTO [DoctorSchedule] (ScheduleID,StartTime,EndTime,CalendarID) VALUES ('eb68bdfb-cad4-4811-88c4-cbdc7ed45caa','0001-01-01 10:00:00.0000000','0001-01-01 10:30:00.0000000','cb51abaf-0199-4c0d-9e59-3dc77a3db508');
INSERT INTO [DoctorSchedule] (ScheduleID,StartTime,EndTime,CalendarID) VALUES ('b5f2bb68-8ca4-4fac-b94c-db7e1a11d2bf','0001-01-01 10:30:00.0000000','0001-01-01 11:00:00.0000000','cb51abaf-0199-4c0d-9e59-3dc77a3db508');
INSERT INTO [DoctorSchedule] (ScheduleID,StartTime,EndTime,CalendarID) VALUES ('daf7f4f8-dd81-42bc-8977-d5e25c2e0213','0001-01-01 11:00:00.0000000','0001-01-01 11:30:00.0000000','cb51abaf-0199-4c0d-9e59-3dc77a3db508');
INSERT INTO [DoctorSchedule] (ScheduleID,StartTime,EndTime,CalendarID) VALUES ('07b5f7c8-bfcb-4adf-aa48-9e4c605e1fb9','0001-01-01 11:30:00.0000000','0001-01-01 12:00:00.0000000','cb51abaf-0199-4c0d-9e59-3dc77a3db508');
INSERT INTO [DoctorSchedule] (ScheduleID,StartTime,EndTime,CalendarID) VALUES ('755e6f44-4d76-4df2-ae86-4216ef7c191e','0001-01-01 12:00:00.0000000','0001-01-01 12:30:00.0000000','cb51abaf-0199-4c0d-9e59-3dc77a3db508');
INSERT INTO [DoctorSchedule] (ScheduleID,StartTime,EndTime,CalendarID) VALUES ('28601cca-fd12-4571-b9e7-1239cfa47e3b','0001-01-01 12:30:00.0000000','0001-01-01 13:00:00.0000000','cb51abaf-0199-4c0d-9e59-3dc77a3db508');
INSERT INTO [DoctorSchedule] (ScheduleID,StartTime,EndTime,CalendarID) VALUES ('07ab8b37-d369-4225-a9b3-dafb125ad605','0001-01-01 13:00:00.0000000','0001-01-01 13:30:00.0000000','cb51abaf-0199-4c0d-9e59-3dc77a3db508');
INSERT INTO [DoctorSchedule] (ScheduleID,StartTime,EndTime,CalendarID) VALUES ('11789ec2-a82d-4728-845e-957fedaf05c8','0001-01-01 13:30:00.0000000','0001-01-01 14:00:00.0000000','cb51abaf-0199-4c0d-9e59-3dc77a3db508');
INSERT INTO [DoctorSchedule] (ScheduleID,StartTime,EndTime,CalendarID) VALUES ('aaae6ede-810d-4b2d-a6c7-55e9cc939926','0001-01-01 14:00:00.0000000','0001-01-01 14:30:00.0000000','cb51abaf-0199-4c0d-9e59-3dc77a3db508');
INSERT INTO [DoctorSchedule] (ScheduleID,StartTime,EndTime,CalendarID) VALUES ('ef8ded5f-2dd0-4bc4-abaa-b80ad3fadb1a','0001-01-01 14:30:00.0000000','0001-01-01 15:00:00.0000000','cb51abaf-0199-4c0d-9e59-3dc77a3db508');
INSERT INTO [DoctorSchedule] (ScheduleID,StartTime,EndTime,CalendarID) VALUES ('88070ea3-ff26-45aa-8a97-42822ae5c5b6','0001-01-01 15:00:00.0000000','0001-01-01 15:30:00.0000000','cb51abaf-0199-4c0d-9e59-3dc77a3db508');
INSERT INTO [DoctorSchedule] (ScheduleID,StartTime,EndTime,CalendarID) VALUES ('3e165dfd-adab-4971-a262-ff268fef3d7b','0001-01-01 15:30:00.0000000','0001-01-01 16:00:00.0000000','cb51abaf-0199-4c0d-9e59-3dc77a3db508');
INSERT INTO [DoctorSchedule] (ScheduleID,StartTime,EndTime,CalendarID) VALUES ('040d5678-030d-4a62-907a-d00e11c73cad','0001-01-01 16:00:00.0000000','0001-01-01 16:30:00.0000000','cb51abaf-0199-4c0d-9e59-3dc77a3db508');
INSERT INTO [DoctorSchedule] (ScheduleID,StartTime,EndTime,CalendarID) VALUES ('80259c3b-a1bb-4c2a-bcc8-77a5924ac180','0001-01-01 16:30:00.0000000','0001-01-01 17:00:00.0000000','cb51abaf-0199-4c0d-9e59-3dc77a3db508');
INSERT INTO [DoctorSchedule] (ScheduleID,StartTime,EndTime,CalendarID) VALUES ('62ec6bb9-f0e6-4b28-973e-63ca990e94a0','0001-01-01 17:00:00.0000000','0001-01-01 17:30:00.0000000','cb51abaf-0199-4c0d-9e59-3dc77a3db508');
INSERT INTO [DoctorSchedule] (ScheduleID,StartTime,EndTime,CalendarID) VALUES ('e5d69a77-83cc-4100-bd91-764d1bd12373','0001-01-01 17:30:00.0000000','0001-01-01 18:00:00.0000000','cb51abaf-0199-4c0d-9e59-3dc77a3db508');
INSERT INTO [DoctorSchedule] (ScheduleID,StartTime,EndTime,CalendarID) VALUES ('14c01f5c-30cd-4d9d-8b86-57a34dfbe340','0001-01-01 07:00:00.0000000','0001-01-01 07:30:00.0000000','653765eb-8b1e-4d03-80d0-780205e2c2e9');
INSERT INTO [DoctorSchedule] (ScheduleID,StartTime,EndTime,CalendarID) VALUES ('530a4beb-876c-4820-87e5-9699cfe993cb','0001-01-01 07:30:00.0000000','0001-01-01 08:00:00.0000000','653765eb-8b1e-4d03-80d0-780205e2c2e9');
INSERT INTO [DoctorSchedule] (ScheduleID,StartTime,EndTime,CalendarID) VALUES ('655909b0-7d7e-4615-b41d-57f1febfb0d6','0001-01-01 08:00:00.0000000','0001-01-01 08:30:00.0000000','653765eb-8b1e-4d03-80d0-780205e2c2e9');
INSERT INTO [DoctorSchedule] (ScheduleID,StartTime,EndTime,CalendarID) VALUES ('ddb4b111-dc1e-4dcb-b1a4-9ddb9e3c38e7','0001-01-01 08:30:00.0000000','0001-01-01 09:00:00.0000000','653765eb-8b1e-4d03-80d0-780205e2c2e9');
INSERT INTO [DoctorSchedule] (ScheduleID,StartTime,EndTime,CalendarID) VALUES ('1e6f9b2a-a752-4e53-96b6-7ce19c0085e3','0001-01-01 09:00:00.0000000','0001-01-01 09:30:00.0000000','653765eb-8b1e-4d03-80d0-780205e2c2e9');
INSERT INTO [DoctorSchedule] (ScheduleID,StartTime,EndTime,CalendarID) VALUES ('025c1925-b83b-497a-8c71-16b5198880d7','0001-01-01 09:30:00.0000000','0001-01-01 10:00:00.0000000','653765eb-8b1e-4d03-80d0-780205e2c2e9');
INSERT INTO [DoctorSchedule] (ScheduleID,StartTime,EndTime,CalendarID) VALUES ('3a47b01f-2f14-4a3f-bd29-627438a474aa','0001-01-01 10:00:00.0000000','0001-01-01 10:30:00.0000000','653765eb-8b1e-4d03-80d0-780205e2c2e9');
INSERT INTO [DoctorSchedule] (ScheduleID,StartTime,EndTime,CalendarID) VALUES ('5e2d214a-8dbd-4f51-9c65-e8ed50ec14d2','0001-01-01 10:30:00.0000000','0001-01-01 11:00:00.0000000','653765eb-8b1e-4d03-80d0-780205e2c2e9');
INSERT INTO [DoctorSchedule] (ScheduleID,StartTime,EndTime,CalendarID) VALUES ('2de67a6c-d8b5-443e-8cd9-b2d8af2025c4','0001-01-01 11:00:00.0000000','0001-01-01 11:30:00.0000000','653765eb-8b1e-4d03-80d0-780205e2c2e9');
INSERT INTO [DoctorSchedule] (ScheduleID,StartTime,EndTime,CalendarID) VALUES ('717f1f22-1f8a-4294-8233-372c656fbf79','0001-01-01 11:30:00.0000000','0001-01-01 12:00:00.0000000','653765eb-8b1e-4d03-80d0-780205e2c2e9');
INSERT INTO [DoctorSchedule] (ScheduleID,StartTime,EndTime,CalendarID) VALUES ('90e738ea-1784-4685-9262-f3b5552c0065','0001-01-01 12:00:00.0000000','0001-01-01 12:30:00.0000000','653765eb-8b1e-4d03-80d0-780205e2c2e9');
INSERT INTO [DoctorSchedule] (ScheduleID,StartTime,EndTime,CalendarID) VALUES ('bbcf1459-f4ea-406f-915a-e7150bb24b6f','0001-01-01 12:30:00.0000000','0001-01-01 13:00:00.0000000','653765eb-8b1e-4d03-80d0-780205e2c2e9');
INSERT INTO [DoctorSchedule] (ScheduleID,StartTime,EndTime,CalendarID) VALUES ('0bfcffd0-4988-497c-aef4-3d8a5266f4b9','0001-01-01 13:00:00.0000000','0001-01-01 13:30:00.0000000','653765eb-8b1e-4d03-80d0-780205e2c2e9');
INSERT INTO [DoctorSchedule] (ScheduleID,StartTime,EndTime,CalendarID) VALUES ('f9a66866-0da4-4678-8e0f-fa44c77f5f3c','0001-01-01 13:30:00.0000000','0001-01-01 14:00:00.0000000','653765eb-8b1e-4d03-80d0-780205e2c2e9');
INSERT INTO [DoctorSchedule] (ScheduleID,StartTime,EndTime,CalendarID) VALUES ('d935f835-ac76-4075-ae88-9d3cac9ae953','0001-01-01 14:00:00.0000000','0001-01-01 14:30:00.0000000','653765eb-8b1e-4d03-80d0-780205e2c2e9');
INSERT INTO [DoctorSchedule] (ScheduleID,StartTime,EndTime,CalendarID) VALUES ('11a7ce9f-829e-4d47-9869-94dbf7cb845b','0001-01-01 14:30:00.0000000','0001-01-01 15:00:00.0000000','653765eb-8b1e-4d03-80d0-780205e2c2e9');
INSERT INTO [DoctorSchedule] (ScheduleID,StartTime,EndTime,CalendarID) VALUES ('b40fce5e-b171-46fb-9ac0-bf41728b52bd','0001-01-01 15:00:00.0000000','0001-01-01 15:30:00.0000000','653765eb-8b1e-4d03-80d0-780205e2c2e9');
INSERT INTO [DoctorSchedule] (ScheduleID,StartTime,EndTime,CalendarID) VALUES ('bb322683-1f2e-4e31-a7ea-8c769ba4a5f6','0001-01-01 15:30:00.0000000','0001-01-01 16:00:00.0000000','653765eb-8b1e-4d03-80d0-780205e2c2e9');
INSERT INTO [DoctorSchedule] (ScheduleID,StartTime,EndTime,CalendarID) VALUES ('cc893a8b-da26-41d5-b73f-54721c5da40d','0001-01-01 16:00:00.0000000','0001-01-01 16:30:00.0000000','653765eb-8b1e-4d03-80d0-780205e2c2e9');
INSERT INTO [DoctorSchedule] (ScheduleID,StartTime,EndTime,CalendarID) VALUES ('b8bb26b0-4193-45f6-9840-dff49597763f','0001-01-01 16:30:00.0000000','0001-01-01 17:00:00.0000000','653765eb-8b1e-4d03-80d0-780205e2c2e9');
INSERT INTO [DoctorSchedule] (ScheduleID,StartTime,EndTime,CalendarID) VALUES ('ba5bfaed-4e35-474e-ab3e-955f9fc92abd','0001-01-01 17:00:00.0000000','0001-01-01 17:30:00.0000000','653765eb-8b1e-4d03-80d0-780205e2c2e9');
INSERT INTO [DoctorSchedule] (ScheduleID,StartTime,EndTime,CalendarID) VALUES ('f13011fd-6b2e-432c-a0f9-5d0f9f8b46ce','0001-01-01 17:30:00.0000000','0001-01-01 18:00:00.0000000','653765eb-8b1e-4d03-80d0-780205e2c2e9');
INSERT INTO [DoctorSchedule] (ScheduleID,StartTime,EndTime,CalendarID) VALUES ('343b3a2d-1de2-4513-9527-54cc71550f5f','0001-01-01 07:00:00.0000000','0001-01-01 07:30:00.0000000','89095221-a711-465d-8d1a-d87c4082c3a4');
INSERT INTO [DoctorSchedule] (ScheduleID,StartTime,EndTime,CalendarID) VALUES ('bff77c0f-c056-4b7e-ab85-5df79f9edd35','0001-01-01 07:30:00.0000000','0001-01-01 08:00:00.0000000','89095221-a711-465d-8d1a-d87c4082c3a4');
INSERT INTO [DoctorSchedule] (ScheduleID,StartTime,EndTime,CalendarID) VALUES ('d1b47d2e-7ef9-4bd3-87b4-1004416b1f24','0001-01-01 08:00:00.0000000','0001-01-01 08:30:00.0000000','89095221-a711-465d-8d1a-d87c4082c3a4');
INSERT INTO [DoctorSchedule] (ScheduleID,StartTime,EndTime,CalendarID) VALUES ('0cef55a8-536e-41bc-8eba-f8476a2c1f49','0001-01-01 08:30:00.0000000','0001-01-01 09:00:00.0000000','89095221-a711-465d-8d1a-d87c4082c3a4');
INSERT INTO [DoctorSchedule] (ScheduleID,StartTime,EndTime,CalendarID) VALUES ('8873013e-b627-4370-a128-d0418f364594','0001-01-01 09:00:00.0000000','0001-01-01 09:30:00.0000000','89095221-a711-465d-8d1a-d87c4082c3a4');
INSERT INTO [DoctorSchedule] (ScheduleID,StartTime,EndTime,CalendarID) VALUES ('a951c745-0566-4aba-90e7-c6a4268ec006','0001-01-01 09:30:00.0000000','0001-01-01 10:00:00.0000000','89095221-a711-465d-8d1a-d87c4082c3a4');
INSERT INTO [DoctorSchedule] (ScheduleID,StartTime,EndTime,CalendarID) VALUES ('e8847d81-991a-457c-abce-189d5fe3bd7a','0001-01-01 10:00:00.0000000','0001-01-01 10:30:00.0000000','89095221-a711-465d-8d1a-d87c4082c3a4');
INSERT INTO [DoctorSchedule] (ScheduleID,StartTime,EndTime,CalendarID) VALUES ('e35ced3f-bd56-4bb0-b782-34716ea82775','0001-01-01 10:30:00.0000000','0001-01-01 11:00:00.0000000','89095221-a711-465d-8d1a-d87c4082c3a4');
INSERT INTO [DoctorSchedule] (ScheduleID,StartTime,EndTime,CalendarID) VALUES ('80590b95-1363-43c0-910c-e217149b047a','0001-01-01 11:00:00.0000000','0001-01-01 11:30:00.0000000','89095221-a711-465d-8d1a-d87c4082c3a4');
INSERT INTO [DoctorSchedule] (ScheduleID,StartTime,EndTime,CalendarID) VALUES ('dd23602c-af92-4507-9097-fd7ec7dd37a6','0001-01-01 11:30:00.0000000','0001-01-01 12:00:00.0000000','89095221-a711-465d-8d1a-d87c4082c3a4');
INSERT INTO [DoctorSchedule] (ScheduleID,StartTime,EndTime,CalendarID) VALUES ('6e84cc01-b9c1-49d6-adaa-4b7105da68b3','0001-01-01 12:00:00.0000000','0001-01-01 12:30:00.0000000','89095221-a711-465d-8d1a-d87c4082c3a4');
INSERT INTO [DoctorSchedule] (ScheduleID,StartTime,EndTime,CalendarID) VALUES ('d2eab983-20f3-4183-9cf6-91106c193690','0001-01-01 12:30:00.0000000','0001-01-01 13:00:00.0000000','89095221-a711-465d-8d1a-d87c4082c3a4');
INSERT INTO [DoctorSchedule] (ScheduleID,StartTime,EndTime,CalendarID) VALUES ('fd514d26-0073-487f-9965-023011565096','0001-01-01 13:00:00.0000000','0001-01-01 13:30:00.0000000','89095221-a711-465d-8d1a-d87c4082c3a4');
INSERT INTO [DoctorSchedule] (ScheduleID,StartTime,EndTime,CalendarID) VALUES ('3d6deea9-b572-4bb7-9695-451b25b0719c','0001-01-01 13:30:00.0000000','0001-01-01 14:00:00.0000000','89095221-a711-465d-8d1a-d87c4082c3a4');
INSERT INTO [DoctorSchedule] (ScheduleID,StartTime,EndTime,CalendarID) VALUES ('b3dc7ddd-32d4-442d-a547-1e36b01e6ab1','0001-01-01 14:00:00.0000000','0001-01-01 14:30:00.0000000','89095221-a711-465d-8d1a-d87c4082c3a4');
INSERT INTO [DoctorSchedule] (ScheduleID,StartTime,EndTime,CalendarID) VALUES ('ae907e8d-3cc9-4603-9398-c2250840a149','0001-01-01 14:30:00.0000000','0001-01-01 15:00:00.0000000','89095221-a711-465d-8d1a-d87c4082c3a4');
INSERT INTO [DoctorSchedule] (ScheduleID,StartTime,EndTime,CalendarID) VALUES ('2a7277d4-68db-4f5e-b28e-9a13a2f170ab','0001-01-01 15:00:00.0000000','0001-01-01 15:30:00.0000000','89095221-a711-465d-8d1a-d87c4082c3a4');
INSERT INTO [DoctorSchedule] (ScheduleID,StartTime,EndTime,CalendarID) VALUES ('47d1ac5b-18cf-4e17-9dfd-d01f31c70326','0001-01-01 15:30:00.0000000','0001-01-01 16:00:00.0000000','89095221-a711-465d-8d1a-d87c4082c3a4');
INSERT INTO [DoctorSchedule] (ScheduleID,StartTime,EndTime,CalendarID) VALUES ('532b73ee-ca2b-45d2-bc01-5facdc727a40','0001-01-01 16:00:00.0000000','0001-01-01 16:30:00.0000000','89095221-a711-465d-8d1a-d87c4082c3a4');
INSERT INTO [DoctorSchedule] (ScheduleID,StartTime,EndTime,CalendarID) VALUES ('b9a3f2e8-5c78-4ecb-966b-f67cf3c02ac3','0001-01-01 16:30:00.0000000','0001-01-01 17:00:00.0000000','89095221-a711-465d-8d1a-d87c4082c3a4');
INSERT INTO [DoctorSchedule] (ScheduleID,StartTime,EndTime,CalendarID) VALUES ('7322272a-3719-4294-ad4b-b2f4c803be24','0001-01-01 17:00:00.0000000','0001-01-01 17:30:00.0000000','89095221-a711-465d-8d1a-d87c4082c3a4');
INSERT INTO [DoctorSchedule] (ScheduleID,StartTime,EndTime,CalendarID) VALUES ('85216544-729e-4e4d-bb3a-444e78f85f52','0001-01-01 17:30:00.0000000','0001-01-01 18:00:00.0000000','89095221-a711-465d-8d1a-d87c4082c3a4');
INSERT INTO [DoctorSchedule] (ScheduleID,StartTime,EndTime,CalendarID) VALUES ('a6989c79-e963-4d3b-ac7d-f32faf595051','0001-01-01 07:00:00.0000000','0001-01-01 07:30:00.0000000','869f7e5a-f419-4cf1-94c5-c8246ad18fe0');
INSERT INTO [DoctorSchedule] (ScheduleID,StartTime,EndTime,CalendarID) VALUES ('232aab0c-bcd8-411c-a46e-33e44d950e29','0001-01-01 07:30:00.0000000','0001-01-01 08:00:00.0000000','869f7e5a-f419-4cf1-94c5-c8246ad18fe0');
INSERT INTO [DoctorSchedule] (ScheduleID,StartTime,EndTime,CalendarID) VALUES ('4cc55fa2-4379-4eda-9871-44dc998c6e4f','0001-01-01 08:00:00.0000000','0001-01-01 08:30:00.0000000','869f7e5a-f419-4cf1-94c5-c8246ad18fe0');
INSERT INTO [DoctorSchedule] (ScheduleID,StartTime,EndTime,CalendarID) VALUES ('6be9f37d-f7f6-4e51-b336-2dd2ab4bca3e','0001-01-01 08:30:00.0000000','0001-01-01 09:00:00.0000000','869f7e5a-f419-4cf1-94c5-c8246ad18fe0');
INSERT INTO [DoctorSchedule] (ScheduleID,StartTime,EndTime,CalendarID) VALUES ('bd071d74-a77d-4882-a8ef-8c18f026b28e','0001-01-01 09:00:00.0000000','0001-01-01 09:30:00.0000000','869f7e5a-f419-4cf1-94c5-c8246ad18fe0');
INSERT INTO [DoctorSchedule] (ScheduleID,StartTime,EndTime,CalendarID) VALUES ('b9c50e99-10c6-4e08-a1f4-e01d1bd143e2','0001-01-01 09:30:00.0000000','0001-01-01 10:00:00.0000000','869f7e5a-f419-4cf1-94c5-c8246ad18fe0');
INSERT INTO [DoctorSchedule] (ScheduleID,StartTime,EndTime,CalendarID) VALUES ('35b83050-7c72-4891-a2ff-e8eaaf9a2d5d','0001-01-01 10:00:00.0000000','0001-01-01 10:30:00.0000000','869f7e5a-f419-4cf1-94c5-c8246ad18fe0');
INSERT INTO [DoctorSchedule] (ScheduleID,StartTime,EndTime,CalendarID) VALUES ('d34ec0e1-cf8f-4c4a-b763-b26485d4f2de','0001-01-01 10:30:00.0000000','0001-01-01 11:00:00.0000000','869f7e5a-f419-4cf1-94c5-c8246ad18fe0');
INSERT INTO [DoctorSchedule] (ScheduleID,StartTime,EndTime,CalendarID) VALUES ('05bf1d47-bb3b-46c8-becc-2ce50525332c','0001-01-01 11:00:00.0000000','0001-01-01 11:30:00.0000000','869f7e5a-f419-4cf1-94c5-c8246ad18fe0');
INSERT INTO [DoctorSchedule] (ScheduleID,StartTime,EndTime,CalendarID) VALUES ('34ba5f46-2b53-435a-9733-474dbe4d6a98','0001-01-01 11:30:00.0000000','0001-01-01 12:00:00.0000000','869f7e5a-f419-4cf1-94c5-c8246ad18fe0');
INSERT INTO [DoctorSchedule] (ScheduleID,StartTime,EndTime,CalendarID) VALUES ('940d34e6-1623-4a1c-b08a-b587c6751712','0001-01-01 12:00:00.0000000','0001-01-01 12:30:00.0000000','869f7e5a-f419-4cf1-94c5-c8246ad18fe0');
INSERT INTO [DoctorSchedule] (ScheduleID,StartTime,EndTime,CalendarID) VALUES ('c56b8e55-7342-4f46-be54-c1c300bdb41b','0001-01-01 12:30:00.0000000','0001-01-01 13:00:00.0000000','869f7e5a-f419-4cf1-94c5-c8246ad18fe0');
INSERT INTO [DoctorSchedule] (ScheduleID,StartTime,EndTime,CalendarID) VALUES ('818f8084-6457-44c8-8d3b-a6951595d6ed','0001-01-01 13:00:00.0000000','0001-01-01 13:30:00.0000000','869f7e5a-f419-4cf1-94c5-c8246ad18fe0');
INSERT INTO [DoctorSchedule] (ScheduleID,StartTime,EndTime,CalendarID) VALUES ('0ae93dcd-b130-49cd-b439-3c0b348c9f5e','0001-01-01 13:30:00.0000000','0001-01-01 14:00:00.0000000','869f7e5a-f419-4cf1-94c5-c8246ad18fe0');
INSERT INTO [DoctorSchedule] (ScheduleID,StartTime,EndTime,CalendarID) VALUES ('60614589-8528-4da2-bbce-2fb73b7212e8','0001-01-01 14:00:00.0000000','0001-01-01 14:30:00.0000000','869f7e5a-f419-4cf1-94c5-c8246ad18fe0');
INSERT INTO [DoctorSchedule] (ScheduleID,StartTime,EndTime,CalendarID) VALUES ('884b68ea-77b9-45b6-a2de-beb40c26efa8','0001-01-01 14:30:00.0000000','0001-01-01 15:00:00.0000000','869f7e5a-f419-4cf1-94c5-c8246ad18fe0');
INSERT INTO [DoctorSchedule] (ScheduleID,StartTime,EndTime,CalendarID) VALUES ('c8728e4d-2236-4588-bb8a-9541a2aed917','0001-01-01 15:00:00.0000000','0001-01-01 15:30:00.0000000','869f7e5a-f419-4cf1-94c5-c8246ad18fe0');
INSERT INTO [DoctorSchedule] (ScheduleID,StartTime,EndTime,CalendarID) VALUES ('07b05ccc-f4b2-4672-b1a1-38b9bcb8da68','0001-01-01 15:30:00.0000000','0001-01-01 16:00:00.0000000','869f7e5a-f419-4cf1-94c5-c8246ad18fe0');
INSERT INTO [DoctorSchedule] (ScheduleID,StartTime,EndTime,CalendarID) VALUES ('f994719e-7cb4-4062-a34b-c14512ad4061','0001-01-01 16:00:00.0000000','0001-01-01 16:30:00.0000000','869f7e5a-f419-4cf1-94c5-c8246ad18fe0');
INSERT INTO [DoctorSchedule] (ScheduleID,StartTime,EndTime,CalendarID) VALUES ('6f427f46-0a47-4aca-a26a-a2b8c4c0823c','0001-01-01 16:30:00.0000000','0001-01-01 17:00:00.0000000','869f7e5a-f419-4cf1-94c5-c8246ad18fe0');
INSERT INTO [DoctorSchedule] (ScheduleID,StartTime,EndTime,CalendarID) VALUES ('c2a8b2ff-795f-4046-8010-746c95ac0ada','0001-01-01 17:00:00.0000000','0001-01-01 17:30:00.0000000','869f7e5a-f419-4cf1-94c5-c8246ad18fe0');
INSERT INTO [DoctorSchedule] (ScheduleID,StartTime,EndTime,CalendarID) VALUES ('5a58a330-494d-4ad6-9ab6-c7e173d30f45','0001-01-01 17:30:00.0000000','0001-01-01 18:00:00.0000000','869f7e5a-f419-4cf1-94c5-c8246ad18fe0');
INSERT INTO [DoctorSchedule] (ScheduleID,StartTime,EndTime,CalendarID) VALUES ('33716fe5-cc6b-4323-a675-923b31b53f9f','0001-01-01 07:00:00.0000000','0001-01-01 07:30:00.0000000','f60baa9e-1178-41ee-9e00-e451a64e3168');
INSERT INTO [DoctorSchedule] (ScheduleID,StartTime,EndTime,CalendarID) VALUES ('d2da4e93-f147-4564-a06c-4cb38ccb159c','0001-01-01 07:30:00.0000000','0001-01-01 08:00:00.0000000','f60baa9e-1178-41ee-9e00-e451a64e3168');
INSERT INTO [DoctorSchedule] (ScheduleID,StartTime,EndTime,CalendarID) VALUES ('2bc7340b-1627-4a6f-80eb-1e28cf90313c','0001-01-01 08:00:00.0000000','0001-01-01 08:30:00.0000000','f60baa9e-1178-41ee-9e00-e451a64e3168');
INSERT INTO [DoctorSchedule] (ScheduleID,StartTime,EndTime,CalendarID) VALUES ('14a03a2a-42b1-42b8-bb3a-a46ee4d75c2d','0001-01-01 08:30:00.0000000','0001-01-01 09:00:00.0000000','f60baa9e-1178-41ee-9e00-e451a64e3168');
INSERT INTO [DoctorSchedule] (ScheduleID,StartTime,EndTime,CalendarID) VALUES ('e016ac13-3468-4f71-9bf7-d68203cb7eaf','0001-01-01 09:00:00.0000000','0001-01-01 09:30:00.0000000','f60baa9e-1178-41ee-9e00-e451a64e3168');
INSERT INTO [DoctorSchedule] (ScheduleID,StartTime,EndTime,CalendarID) VALUES ('c485e4d9-03eb-481d-bf6d-e7ff76823b72','0001-01-01 09:30:00.0000000','0001-01-01 10:00:00.0000000','f60baa9e-1178-41ee-9e00-e451a64e3168');
INSERT INTO [DoctorSchedule] (ScheduleID,StartTime,EndTime,CalendarID) VALUES ('0888e496-0cc2-40ee-9036-19a826f3dcd3','0001-01-01 10:00:00.0000000','0001-01-01 10:30:00.0000000','f60baa9e-1178-41ee-9e00-e451a64e3168');
INSERT INTO [DoctorSchedule] (ScheduleID,StartTime,EndTime,CalendarID) VALUES ('a731b938-2572-417e-81d3-87360033ddf7','0001-01-01 10:30:00.0000000','0001-01-01 11:00:00.0000000','f60baa9e-1178-41ee-9e00-e451a64e3168');
INSERT INTO [DoctorSchedule] (ScheduleID,StartTime,EndTime,CalendarID) VALUES ('12c3d507-1f09-4492-8dcd-6fc881eb174e','0001-01-01 11:00:00.0000000','0001-01-01 11:30:00.0000000','f60baa9e-1178-41ee-9e00-e451a64e3168');
INSERT INTO [DoctorSchedule] (ScheduleID,StartTime,EndTime,CalendarID) VALUES ('e087491c-6be8-455e-ac0d-a1414a7d3bcc','0001-01-01 11:30:00.0000000','0001-01-01 12:00:00.0000000','f60baa9e-1178-41ee-9e00-e451a64e3168');
INSERT INTO [DoctorSchedule] (ScheduleID,StartTime,EndTime,CalendarID) VALUES ('57b7b7bc-a4aa-44f3-ad83-20b6076863b1','0001-01-01 12:00:00.0000000','0001-01-01 12:30:00.0000000','f60baa9e-1178-41ee-9e00-e451a64e3168');
INSERT INTO [DoctorSchedule] (ScheduleID,StartTime,EndTime,CalendarID) VALUES ('df94b9d6-8718-4e49-80b2-ff1be0176549','0001-01-01 12:30:00.0000000','0001-01-01 13:00:00.0000000','f60baa9e-1178-41ee-9e00-e451a64e3168');
INSERT INTO [DoctorSchedule] (ScheduleID,StartTime,EndTime,CalendarID) VALUES ('689a011e-9d39-4663-9353-51279a8a828d','0001-01-01 13:00:00.0000000','0001-01-01 13:30:00.0000000','f60baa9e-1178-41ee-9e00-e451a64e3168');
INSERT INTO [DoctorSchedule] (ScheduleID,StartTime,EndTime,CalendarID) VALUES ('662abfc9-9d41-4d63-be81-40ed50876c3c','0001-01-01 13:30:00.0000000','0001-01-01 14:00:00.0000000','f60baa9e-1178-41ee-9e00-e451a64e3168');
INSERT INTO [DoctorSchedule] (ScheduleID,StartTime,EndTime,CalendarID) VALUES ('5b1092b1-fcac-4462-80ea-3312deed9f9f','0001-01-01 14:00:00.0000000','0001-01-01 14:30:00.0000000','f60baa9e-1178-41ee-9e00-e451a64e3168');
INSERT INTO [DoctorSchedule] (ScheduleID,StartTime,EndTime,CalendarID) VALUES ('51903ce5-637e-4d85-af8d-15d3636bf35e','0001-01-01 14:30:00.0000000','0001-01-01 15:00:00.0000000','f60baa9e-1178-41ee-9e00-e451a64e3168');
INSERT INTO [DoctorSchedule] (ScheduleID,StartTime,EndTime,CalendarID) VALUES ('02c8ecb6-f568-4750-b5ea-050b5b664346','0001-01-01 15:00:00.0000000','0001-01-01 15:30:00.0000000','f60baa9e-1178-41ee-9e00-e451a64e3168');
INSERT INTO [DoctorSchedule] (ScheduleID,StartTime,EndTime,CalendarID) VALUES ('b7210ff5-48c8-400d-9d47-f08abdc73d6e','0001-01-01 15:30:00.0000000','0001-01-01 16:00:00.0000000','f60baa9e-1178-41ee-9e00-e451a64e3168');
INSERT INTO [DoctorSchedule] (ScheduleID,StartTime,EndTime,CalendarID) VALUES ('c0f578d2-436d-43cf-86e3-2a73e95993af','0001-01-01 16:00:00.0000000','0001-01-01 16:30:00.0000000','f60baa9e-1178-41ee-9e00-e451a64e3168');
INSERT INTO [DoctorSchedule] (ScheduleID,StartTime,EndTime,CalendarID) VALUES ('6024ed9a-5f80-496a-a3b5-c5f6e8f25a09','0001-01-01 16:30:00.0000000','0001-01-01 17:00:00.0000000','f60baa9e-1178-41ee-9e00-e451a64e3168');
INSERT INTO [DoctorSchedule] (ScheduleID,StartTime,EndTime,CalendarID) VALUES ('38c9890e-e666-479f-bac1-9cfc65aecedf','0001-01-01 17:00:00.0000000','0001-01-01 17:30:00.0000000','f60baa9e-1178-41ee-9e00-e451a64e3168');
INSERT INTO [DoctorSchedule] (ScheduleID,StartTime,EndTime,CalendarID) VALUES ('9479b150-4fd9-40e9-85d6-0bc24d78618f','0001-01-01 17:30:00.0000000','0001-01-01 18:00:00.0000000','f60baa9e-1178-41ee-9e00-e451a64e3168');
INSERT INTO [DoctorSchedule] (ScheduleID,StartTime,EndTime,CalendarID) VALUES ('46bdf5a6-10bc-4eee-aa9e-69636af3ac9e','0001-01-01 07:00:00.0000000','0001-01-01 07:30:00.0000000','eab96658-7220-4a4a-89f9-530164c84ede');
INSERT INTO [DoctorSchedule] (ScheduleID,StartTime,EndTime,CalendarID) VALUES ('5132dc01-bfe2-4aa6-ae19-4c3173f361d3','0001-01-01 07:30:00.0000000','0001-01-01 08:00:00.0000000','eab96658-7220-4a4a-89f9-530164c84ede');
INSERT INTO [DoctorSchedule] (ScheduleID,StartTime,EndTime,CalendarID) VALUES ('8209024f-6a49-4d5e-a5c0-f254fb8dedc2','0001-01-01 08:00:00.0000000','0001-01-01 08:30:00.0000000','eab96658-7220-4a4a-89f9-530164c84ede');
INSERT INTO [DoctorSchedule] (ScheduleID,StartTime,EndTime,CalendarID) VALUES ('dae45ff1-d3c4-4879-a791-103f368d7b4a','0001-01-01 08:30:00.0000000','0001-01-01 09:00:00.0000000','eab96658-7220-4a4a-89f9-530164c84ede');
INSERT INTO [DoctorSchedule] (ScheduleID,StartTime,EndTime,CalendarID) VALUES ('1db236df-efae-4112-b2b1-f4d1df5db865','0001-01-01 09:00:00.0000000','0001-01-01 09:30:00.0000000','eab96658-7220-4a4a-89f9-530164c84ede');
INSERT INTO [DoctorSchedule] (ScheduleID,StartTime,EndTime,CalendarID) VALUES ('7c10c488-bff9-4804-8c8b-edad42db263a','0001-01-01 09:30:00.0000000','0001-01-01 10:00:00.0000000','eab96658-7220-4a4a-89f9-530164c84ede');
INSERT INTO [DoctorSchedule] (ScheduleID,StartTime,EndTime,CalendarID) VALUES ('1afdc4d7-c604-40cb-a864-df97687a29c6','0001-01-01 10:00:00.0000000','0001-01-01 10:30:00.0000000','eab96658-7220-4a4a-89f9-530164c84ede');
INSERT INTO [DoctorSchedule] (ScheduleID,StartTime,EndTime,CalendarID) VALUES ('a57693b2-b8b1-41c3-9f6a-daacec5ccdc0','0001-01-01 10:30:00.0000000','0001-01-01 11:00:00.0000000','eab96658-7220-4a4a-89f9-530164c84ede');
INSERT INTO [DoctorSchedule] (ScheduleID,StartTime,EndTime,CalendarID) VALUES ('afc6fed8-98bc-4204-b304-e66722cf9468','0001-01-01 11:00:00.0000000','0001-01-01 11:30:00.0000000','eab96658-7220-4a4a-89f9-530164c84ede');
INSERT INTO [DoctorSchedule] (ScheduleID,StartTime,EndTime,CalendarID) VALUES ('a938ef84-781e-482c-9a03-d5a6ec2e4531','0001-01-01 11:30:00.0000000','0001-01-01 12:00:00.0000000','eab96658-7220-4a4a-89f9-530164c84ede');
INSERT INTO [DoctorSchedule] (ScheduleID,StartTime,EndTime,CalendarID) VALUES ('9829254e-1645-4c2f-94a5-22660d8cc691','0001-01-01 12:00:00.0000000','0001-01-01 12:30:00.0000000','eab96658-7220-4a4a-89f9-530164c84ede');
INSERT INTO [DoctorSchedule] (ScheduleID,StartTime,EndTime,CalendarID) VALUES ('090e4dee-dc84-4309-907e-931a9e16895c','0001-01-01 12:30:00.0000000','0001-01-01 13:00:00.0000000','eab96658-7220-4a4a-89f9-530164c84ede');
INSERT INTO [DoctorSchedule] (ScheduleID,StartTime,EndTime,CalendarID) VALUES ('576e4949-db57-4109-8f2e-7cdc0eb01ef8','0001-01-01 13:00:00.0000000','0001-01-01 13:30:00.0000000','eab96658-7220-4a4a-89f9-530164c84ede');
INSERT INTO [DoctorSchedule] (ScheduleID,StartTime,EndTime,CalendarID) VALUES ('b80d4674-e65c-4bef-b393-c49e177a3ff0','0001-01-01 13:30:00.0000000','0001-01-01 14:00:00.0000000','eab96658-7220-4a4a-89f9-530164c84ede');
INSERT INTO [DoctorSchedule] (ScheduleID,StartTime,EndTime,CalendarID) VALUES ('91aaf7e9-4794-4db9-8b06-6906e9350a09','0001-01-01 14:00:00.0000000','0001-01-01 14:30:00.0000000','eab96658-7220-4a4a-89f9-530164c84ede');
INSERT INTO [DoctorSchedule] (ScheduleID,StartTime,EndTime,CalendarID) VALUES ('17c9bde4-cb8e-4765-ae5f-dd0f6deca6ba','0001-01-01 14:30:00.0000000','0001-01-01 15:00:00.0000000','eab96658-7220-4a4a-89f9-530164c84ede');
INSERT INTO [DoctorSchedule] (ScheduleID,StartTime,EndTime,CalendarID) VALUES ('f7c91829-08e0-4ed6-aea9-5c5654e0b72a','0001-01-01 15:00:00.0000000','0001-01-01 15:30:00.0000000','eab96658-7220-4a4a-89f9-530164c84ede');
INSERT INTO [DoctorSchedule] (ScheduleID,StartTime,EndTime,CalendarID) VALUES ('53933de2-1cac-4864-b485-2a06c4016dbf','0001-01-01 15:30:00.0000000','0001-01-01 16:00:00.0000000','eab96658-7220-4a4a-89f9-530164c84ede');
INSERT INTO [DoctorSchedule] (ScheduleID,StartTime,EndTime,CalendarID) VALUES ('51487bd3-6b14-409a-8026-dfe1d2218a0f','0001-01-01 16:00:00.0000000','0001-01-01 16:30:00.0000000','eab96658-7220-4a4a-89f9-530164c84ede');
INSERT INTO [DoctorSchedule] (ScheduleID,StartTime,EndTime,CalendarID) VALUES ('196a1d74-e0ed-4a61-8126-6488cf66ebc6','0001-01-01 16:30:00.0000000','0001-01-01 17:00:00.0000000','eab96658-7220-4a4a-89f9-530164c84ede');
INSERT INTO [DoctorSchedule] (ScheduleID,StartTime,EndTime,CalendarID) VALUES ('97fa3aef-3919-4bde-854f-1dfbbc3d18c8','0001-01-01 17:00:00.0000000','0001-01-01 17:30:00.0000000','eab96658-7220-4a4a-89f9-530164c84ede');
INSERT INTO [DoctorSchedule] (ScheduleID,StartTime,EndTime,CalendarID) VALUES ('96a242cf-1dea-44cd-badc-655cb9c7e166','0001-01-01 17:30:00.0000000','0001-01-01 18:00:00.0000000','eab96658-7220-4a4a-89f9-530164c84ede');
INSERT INTO [DoctorSchedule] (ScheduleID,StartTime,EndTime,CalendarID) VALUES ('8fdfb8fd-d8f3-4dc7-880c-97ef3d15e674','0001-01-01 07:00:00.0000000','0001-01-01 07:30:00.0000000','56ef69f3-ba77-4a7b-8701-afc081094daa');
INSERT INTO [DoctorSchedule] (ScheduleID,StartTime,EndTime,CalendarID) VALUES ('c056459f-e6e1-48aa-a2c2-efe6c08996fd','0001-01-01 07:30:00.0000000','0001-01-01 08:00:00.0000000','56ef69f3-ba77-4a7b-8701-afc081094daa');
INSERT INTO [DoctorSchedule] (ScheduleID,StartTime,EndTime,CalendarID) VALUES ('969fbe20-6f27-45a3-8329-7fc0c3510f68','0001-01-01 08:00:00.0000000','0001-01-01 08:30:00.0000000','56ef69f3-ba77-4a7b-8701-afc081094daa');
INSERT INTO [DoctorSchedule] (ScheduleID,StartTime,EndTime,CalendarID) VALUES ('432c3f0b-3428-44a8-88f0-b31a26c22a5e','0001-01-01 08:30:00.0000000','0001-01-01 09:00:00.0000000','56ef69f3-ba77-4a7b-8701-afc081094daa');
INSERT INTO [DoctorSchedule] (ScheduleID,StartTime,EndTime,CalendarID) VALUES ('43d088da-6fa4-4ca1-967c-f69a2547ae1d','0001-01-01 09:00:00.0000000','0001-01-01 09:30:00.0000000','56ef69f3-ba77-4a7b-8701-afc081094daa');
INSERT INTO [DoctorSchedule] (ScheduleID,StartTime,EndTime,CalendarID) VALUES ('6e0203c1-75f9-4159-b533-c48be642b73b','0001-01-01 09:30:00.0000000','0001-01-01 10:00:00.0000000','56ef69f3-ba77-4a7b-8701-afc081094daa');
INSERT INTO [DoctorSchedule] (ScheduleID,StartTime,EndTime,CalendarID) VALUES ('4c6721a9-8ba8-477f-ad14-c21b24d7c3ed','0001-01-01 10:00:00.0000000','0001-01-01 10:30:00.0000000','56ef69f3-ba77-4a7b-8701-afc081094daa');
INSERT INTO [DoctorSchedule] (ScheduleID,StartTime,EndTime,CalendarID) VALUES ('62920673-a250-466f-b70b-d5cd69e63b25','0001-01-01 10:30:00.0000000','0001-01-01 11:00:00.0000000','56ef69f3-ba77-4a7b-8701-afc081094daa');
INSERT INTO [DoctorSchedule] (ScheduleID,StartTime,EndTime,CalendarID) VALUES ('e8742d72-a49b-4500-96be-ce741714e6ca','0001-01-01 11:00:00.0000000','0001-01-01 11:30:00.0000000','56ef69f3-ba77-4a7b-8701-afc081094daa');
INSERT INTO [DoctorSchedule] (ScheduleID,StartTime,EndTime,CalendarID) VALUES ('bd22ca24-c869-4e16-b9b2-eeeb62a2e0e0','0001-01-01 11:30:00.0000000','0001-01-01 12:00:00.0000000','56ef69f3-ba77-4a7b-8701-afc081094daa');
INSERT INTO [DoctorSchedule] (ScheduleID,StartTime,EndTime,CalendarID) VALUES ('abf0511b-19e1-4726-96ab-a833f6f13659','0001-01-01 12:00:00.0000000','0001-01-01 12:30:00.0000000','56ef69f3-ba77-4a7b-8701-afc081094daa');
INSERT INTO [DoctorSchedule] (ScheduleID,StartTime,EndTime,CalendarID) VALUES ('4a7c460c-9c62-4c65-b1b8-bbee83ae5a59','0001-01-01 12:30:00.0000000','0001-01-01 13:00:00.0000000','56ef69f3-ba77-4a7b-8701-afc081094daa');
INSERT INTO [DoctorSchedule] (ScheduleID,StartTime,EndTime,CalendarID) VALUES ('453213f0-a1e8-46aa-9896-df315bdf2a13','0001-01-01 13:00:00.0000000','0001-01-01 13:30:00.0000000','56ef69f3-ba77-4a7b-8701-afc081094daa');
INSERT INTO [DoctorSchedule] (ScheduleID,StartTime,EndTime,CalendarID) VALUES ('cd734482-425c-4a6b-9f2a-aa2c87c10046','0001-01-01 13:30:00.0000000','0001-01-01 14:00:00.0000000','56ef69f3-ba77-4a7b-8701-afc081094daa');
INSERT INTO [DoctorSchedule] (ScheduleID,StartTime,EndTime,CalendarID) VALUES ('43439c03-8f75-4808-ace2-3bc76310bb92','0001-01-01 14:00:00.0000000','0001-01-01 14:30:00.0000000','56ef69f3-ba77-4a7b-8701-afc081094daa');
INSERT INTO [DoctorSchedule] (ScheduleID,StartTime,EndTime,CalendarID) VALUES ('a641be47-0ba8-41db-8e6f-684513c77741','0001-01-01 14:30:00.0000000','0001-01-01 15:00:00.0000000','56ef69f3-ba77-4a7b-8701-afc081094daa');
INSERT INTO [DoctorSchedule] (ScheduleID,StartTime,EndTime,CalendarID) VALUES ('2492d91e-0284-40c1-baf5-75cb71be35b9','0001-01-01 15:00:00.0000000','0001-01-01 15:30:00.0000000','56ef69f3-ba77-4a7b-8701-afc081094daa');
INSERT INTO [DoctorSchedule] (ScheduleID,StartTime,EndTime,CalendarID) VALUES ('4e925405-35b7-43b4-91be-68a2d712191a','0001-01-01 15:30:00.0000000','0001-01-01 16:00:00.0000000','56ef69f3-ba77-4a7b-8701-afc081094daa');
INSERT INTO [DoctorSchedule] (ScheduleID,StartTime,EndTime,CalendarID) VALUES ('ee31e00d-12e1-4526-ad2d-bd961e8d4977','0001-01-01 16:00:00.0000000','0001-01-01 16:30:00.0000000','56ef69f3-ba77-4a7b-8701-afc081094daa');
INSERT INTO [DoctorSchedule] (ScheduleID,StartTime,EndTime,CalendarID) VALUES ('5b064dc8-9567-44d7-ba9d-eb1e05d3405f','0001-01-01 16:30:00.0000000','0001-01-01 17:00:00.0000000','56ef69f3-ba77-4a7b-8701-afc081094daa');
INSERT INTO [DoctorSchedule] (ScheduleID,StartTime,EndTime,CalendarID) VALUES ('af90434a-ed43-4e3b-b656-10147ebe4da9','0001-01-01 17:00:00.0000000','0001-01-01 17:30:00.0000000','56ef69f3-ba77-4a7b-8701-afc081094daa');
INSERT INTO [DoctorSchedule] (ScheduleID,StartTime,EndTime,CalendarID) VALUES ('1f8d16f1-cb79-48cf-9eb6-cfcc2ccea2b4','0001-01-01 17:30:00.0000000','0001-01-01 18:00:00.0000000','56ef69f3-ba77-4a7b-8701-afc081094daa');
INSERT INTO [DoctorSchedule] (ScheduleID,StartTime,EndTime,CalendarID) VALUES ('040e04bf-2d6c-4d9e-9684-2daf70d96ab2','0001-01-01 07:00:00.0000000','0001-01-01 07:30:00.0000000','eb5d3379-ca3f-4ad4-b3f7-14817faaaa54');
INSERT INTO [DoctorSchedule] (ScheduleID,StartTime,EndTime,CalendarID) VALUES ('5fa1154d-30dd-4233-8344-94a0e292ec61','0001-01-01 07:30:00.0000000','0001-01-01 08:00:00.0000000','eb5d3379-ca3f-4ad4-b3f7-14817faaaa54');
INSERT INTO [DoctorSchedule] (ScheduleID,StartTime,EndTime,CalendarID) VALUES ('df494b1c-3d8b-49fc-b871-59740767df37','0001-01-01 08:00:00.0000000','0001-01-01 08:30:00.0000000','eb5d3379-ca3f-4ad4-b3f7-14817faaaa54');
INSERT INTO [DoctorSchedule] (ScheduleID,StartTime,EndTime,CalendarID) VALUES ('ac6bd3e5-9fa6-41b3-87cc-c78a2aba99ec','0001-01-01 08:30:00.0000000','0001-01-01 09:00:00.0000000','eb5d3379-ca3f-4ad4-b3f7-14817faaaa54');
INSERT INTO [DoctorSchedule] (ScheduleID,StartTime,EndTime,CalendarID) VALUES ('0f525703-3dc0-464a-bb8d-a2980434fc45','0001-01-01 09:00:00.0000000','0001-01-01 09:30:00.0000000','eb5d3379-ca3f-4ad4-b3f7-14817faaaa54');
INSERT INTO [DoctorSchedule] (ScheduleID,StartTime,EndTime,CalendarID) VALUES ('8cef7525-5add-48a4-9cdf-15a223a50d8d','0001-01-01 09:30:00.0000000','0001-01-01 10:00:00.0000000','eb5d3379-ca3f-4ad4-b3f7-14817faaaa54');
INSERT INTO [DoctorSchedule] (ScheduleID,StartTime,EndTime,CalendarID) VALUES ('99275aa4-f721-4e7c-9580-26306945632e','0001-01-01 10:00:00.0000000','0001-01-01 10:30:00.0000000','eb5d3379-ca3f-4ad4-b3f7-14817faaaa54');
INSERT INTO [DoctorSchedule] (ScheduleID,StartTime,EndTime,CalendarID) VALUES ('1db488aa-6728-416b-9389-462aff2bb9de','0001-01-01 10:30:00.0000000','0001-01-01 11:00:00.0000000','eb5d3379-ca3f-4ad4-b3f7-14817faaaa54');
INSERT INTO [DoctorSchedule] (ScheduleID,StartTime,EndTime,CalendarID) VALUES ('8be73d33-8a2f-41f6-9609-37f3a5c121ce','0001-01-01 11:00:00.0000000','0001-01-01 11:30:00.0000000','eb5d3379-ca3f-4ad4-b3f7-14817faaaa54');
INSERT INTO [DoctorSchedule] (ScheduleID,StartTime,EndTime,CalendarID) VALUES ('cd308aa0-3384-45ed-9cf8-b5538b4789f1','0001-01-01 11:30:00.0000000','0001-01-01 12:00:00.0000000','eb5d3379-ca3f-4ad4-b3f7-14817faaaa54');
INSERT INTO [DoctorSchedule] (ScheduleID,StartTime,EndTime,CalendarID) VALUES ('256784f7-d9b4-4dac-adbb-1b99b8ecc84a','0001-01-01 12:00:00.0000000','0001-01-01 12:30:00.0000000','eb5d3379-ca3f-4ad4-b3f7-14817faaaa54');
INSERT INTO [DoctorSchedule] (ScheduleID,StartTime,EndTime,CalendarID) VALUES ('d9e9f3e3-8857-4f71-9f7d-f171a2a5e598','0001-01-01 12:30:00.0000000','0001-01-01 13:00:00.0000000','eb5d3379-ca3f-4ad4-b3f7-14817faaaa54');
INSERT INTO [DoctorSchedule] (ScheduleID,StartTime,EndTime,CalendarID) VALUES ('2ed0ac0b-80af-4f3f-a9f3-27ad461baa65','0001-01-01 13:00:00.0000000','0001-01-01 13:30:00.0000000','eb5d3379-ca3f-4ad4-b3f7-14817faaaa54');
INSERT INTO [DoctorSchedule] (ScheduleID,StartTime,EndTime,CalendarID) VALUES ('35e40159-230f-488b-b758-5fde917b45a5','0001-01-01 13:30:00.0000000','0001-01-01 14:00:00.0000000','eb5d3379-ca3f-4ad4-b3f7-14817faaaa54');
INSERT INTO [DoctorSchedule] (ScheduleID,StartTime,EndTime,CalendarID) VALUES ('d365944d-1bc1-45d1-8653-dcb0105e12c3','0001-01-01 14:00:00.0000000','0001-01-01 14:30:00.0000000','eb5d3379-ca3f-4ad4-b3f7-14817faaaa54');
INSERT INTO [DoctorSchedule] (ScheduleID,StartTime,EndTime,CalendarID) VALUES ('133f824b-3316-4314-9d63-529503cea373','0001-01-01 14:30:00.0000000','0001-01-01 15:00:00.0000000','eb5d3379-ca3f-4ad4-b3f7-14817faaaa54');
INSERT INTO [DoctorSchedule] (ScheduleID,StartTime,EndTime,CalendarID) VALUES ('e1cbe8dd-ab62-4246-98ad-96c0c1a4be05','0001-01-01 15:00:00.0000000','0001-01-01 15:30:00.0000000','eb5d3379-ca3f-4ad4-b3f7-14817faaaa54');
INSERT INTO [DoctorSchedule] (ScheduleID,StartTime,EndTime,CalendarID) VALUES ('89e66e77-4ac9-48f8-af64-cfeb40a0731a','0001-01-01 15:30:00.0000000','0001-01-01 16:00:00.0000000','eb5d3379-ca3f-4ad4-b3f7-14817faaaa54');
INSERT INTO [DoctorSchedule] (ScheduleID,StartTime,EndTime,CalendarID) VALUES ('262c57cd-7f49-4ee7-adc5-127ad491c2e1','0001-01-01 16:00:00.0000000','0001-01-01 16:30:00.0000000','eb5d3379-ca3f-4ad4-b3f7-14817faaaa54');
INSERT INTO [DoctorSchedule] (ScheduleID,StartTime,EndTime,CalendarID) VALUES ('edca5d75-28b4-4a0a-8fd6-7673c85b0048','0001-01-01 16:30:00.0000000','0001-01-01 17:00:00.0000000','eb5d3379-ca3f-4ad4-b3f7-14817faaaa54');
INSERT INTO [DoctorSchedule] (ScheduleID,StartTime,EndTime,CalendarID) VALUES ('4164e820-4f68-4460-9863-2a1354343a17','0001-01-01 17:00:00.0000000','0001-01-01 17:30:00.0000000','eb5d3379-ca3f-4ad4-b3f7-14817faaaa54');
INSERT INTO [DoctorSchedule] (ScheduleID,StartTime,EndTime,CalendarID) VALUES ('f43712db-3c05-4662-be1f-d0681bd12f57','0001-01-01 17:30:00.0000000','0001-01-01 18:00:00.0000000','eb5d3379-ca3f-4ad4-b3f7-14817faaaa54');
INSERT INTO [DoctorSchedule] (ScheduleID,StartTime,EndTime,CalendarID) VALUES ('ca711de9-9fd0-4513-b047-6db14696b20c','0001-01-01 07:00:00.0000000','0001-01-01 07:30:00.0000000','01c0d7ba-a7e8-408d-a237-72f9c518bca5');
INSERT INTO [DoctorSchedule] (ScheduleID,StartTime,EndTime,CalendarID) VALUES ('931606f1-3882-4225-a7fa-d2f5e5df61e5','0001-01-01 07:30:00.0000000','0001-01-01 08:00:00.0000000','01c0d7ba-a7e8-408d-a237-72f9c518bca5');
INSERT INTO [DoctorSchedule] (ScheduleID,StartTime,EndTime,CalendarID) VALUES ('2e852a13-eec7-40ea-85a6-d65b408e66bb','0001-01-01 08:00:00.0000000','0001-01-01 08:30:00.0000000','01c0d7ba-a7e8-408d-a237-72f9c518bca5');
INSERT INTO [DoctorSchedule] (ScheduleID,StartTime,EndTime,CalendarID) VALUES ('f8d6fe8b-8356-40c5-b29c-088a7d26f964','0001-01-01 08:30:00.0000000','0001-01-01 09:00:00.0000000','01c0d7ba-a7e8-408d-a237-72f9c518bca5');
INSERT INTO [DoctorSchedule] (ScheduleID,StartTime,EndTime,CalendarID) VALUES ('52641dbd-7f6f-41f7-a780-ad1c027fde20','0001-01-01 09:00:00.0000000','0001-01-01 09:30:00.0000000','01c0d7ba-a7e8-408d-a237-72f9c518bca5');
INSERT INTO [DoctorSchedule] (ScheduleID,StartTime,EndTime,CalendarID) VALUES ('8d074d51-994b-4ed1-b503-34841cbaa430','0001-01-01 09:30:00.0000000','0001-01-01 10:00:00.0000000','01c0d7ba-a7e8-408d-a237-72f9c518bca5');
INSERT INTO [DoctorSchedule] (ScheduleID,StartTime,EndTime,CalendarID) VALUES ('74473d9f-0178-4939-bd06-6fe416fcc361','0001-01-01 10:00:00.0000000','0001-01-01 10:30:00.0000000','01c0d7ba-a7e8-408d-a237-72f9c518bca5');
INSERT INTO [DoctorSchedule] (ScheduleID,StartTime,EndTime,CalendarID) VALUES ('9202a32f-dc5b-475f-84b4-78028af7b022','0001-01-01 10:30:00.0000000','0001-01-01 11:00:00.0000000','01c0d7ba-a7e8-408d-a237-72f9c518bca5');
INSERT INTO [DoctorSchedule] (ScheduleID,StartTime,EndTime,CalendarID) VALUES ('1ef95e12-38ce-4397-a507-58b18d10f98b','0001-01-01 11:00:00.0000000','0001-01-01 11:30:00.0000000','01c0d7ba-a7e8-408d-a237-72f9c518bca5');
INSERT INTO [DoctorSchedule] (ScheduleID,StartTime,EndTime,CalendarID) VALUES ('0664a606-7672-40e4-8e4f-108780cf4e07','0001-01-01 11:30:00.0000000','0001-01-01 12:00:00.0000000','01c0d7ba-a7e8-408d-a237-72f9c518bca5');
INSERT INTO [DoctorSchedule] (ScheduleID,StartTime,EndTime,CalendarID) VALUES ('01ced88c-2e98-4cda-8647-bf297147f33b','0001-01-01 12:00:00.0000000','0001-01-01 12:30:00.0000000','01c0d7ba-a7e8-408d-a237-72f9c518bca5');
INSERT INTO [DoctorSchedule] (ScheduleID,StartTime,EndTime,CalendarID) VALUES ('43c3715a-0a0b-4f08-ac61-b680210905ea','0001-01-01 12:30:00.0000000','0001-01-01 13:00:00.0000000','01c0d7ba-a7e8-408d-a237-72f9c518bca5');
INSERT INTO [DoctorSchedule] (ScheduleID,StartTime,EndTime,CalendarID) VALUES ('c28f1e66-a6d2-499d-9d0d-2e0d9aa4eb66','0001-01-01 13:00:00.0000000','0001-01-01 13:30:00.0000000','01c0d7ba-a7e8-408d-a237-72f9c518bca5');
INSERT INTO [DoctorSchedule] (ScheduleID,StartTime,EndTime,CalendarID) VALUES ('8380cdc3-934b-4f3e-b48b-53a22796b1f0','0001-01-01 13:30:00.0000000','0001-01-01 14:00:00.0000000','01c0d7ba-a7e8-408d-a237-72f9c518bca5');
INSERT INTO [DoctorSchedule] (ScheduleID,StartTime,EndTime,CalendarID) VALUES ('dd858735-c6b1-46bf-a484-4618ea1aea3b','0001-01-01 14:00:00.0000000','0001-01-01 14:30:00.0000000','01c0d7ba-a7e8-408d-a237-72f9c518bca5');
INSERT INTO [DoctorSchedule] (ScheduleID,StartTime,EndTime,CalendarID) VALUES ('41e5578a-b4e5-451c-a50e-f10f04f0cb3a','0001-01-01 14:30:00.0000000','0001-01-01 15:00:00.0000000','01c0d7ba-a7e8-408d-a237-72f9c518bca5');
INSERT INTO [DoctorSchedule] (ScheduleID,StartTime,EndTime,CalendarID) VALUES ('f7da4ea3-f18a-4707-90b8-2dcf29d1abae','0001-01-01 15:00:00.0000000','0001-01-01 15:30:00.0000000','01c0d7ba-a7e8-408d-a237-72f9c518bca5');
INSERT INTO [DoctorSchedule] (ScheduleID,StartTime,EndTime,CalendarID) VALUES ('82cfc066-b283-4068-9c9b-d6a7f42e2dc4','0001-01-01 15:30:00.0000000','0001-01-01 16:00:00.0000000','01c0d7ba-a7e8-408d-a237-72f9c518bca5');
INSERT INTO [DoctorSchedule] (ScheduleID,StartTime,EndTime,CalendarID) VALUES ('f6b2aae5-c1ef-434f-aee7-9d7724dc27bc','0001-01-01 16:00:00.0000000','0001-01-01 16:30:00.0000000','01c0d7ba-a7e8-408d-a237-72f9c518bca5');
INSERT INTO [DoctorSchedule] (ScheduleID,StartTime,EndTime,CalendarID) VALUES ('1f6d55b6-cfbd-466a-9f1e-d01437f37e1b','0001-01-01 16:30:00.0000000','0001-01-01 17:00:00.0000000','01c0d7ba-a7e8-408d-a237-72f9c518bca5');
INSERT INTO [DoctorSchedule] (ScheduleID,StartTime,EndTime,CalendarID) VALUES ('148e8ae6-b273-4556-a37c-95eedd4e9f8d','0001-01-01 17:00:00.0000000','0001-01-01 17:30:00.0000000','01c0d7ba-a7e8-408d-a237-72f9c518bca5');
INSERT INTO [DoctorSchedule] (ScheduleID,StartTime,EndTime,CalendarID) VALUES ('dd3a598d-e265-4677-ab1b-0b8f82f688e4','0001-01-01 17:30:00.0000000','0001-01-01 18:00:00.0000000','01c0d7ba-a7e8-408d-a237-72f9c518bca5');
INSERT INTO [DoctorSchedule] (ScheduleID,StartTime,EndTime,CalendarID) VALUES ('02729417-85e4-41a9-bc46-0eb307d7e3a6','0001-01-01 07:00:00.0000000','0001-01-01 07:30:00.0000000','87350096-a742-46be-9bce-185353d602f2');
INSERT INTO [DoctorSchedule] (ScheduleID,StartTime,EndTime,CalendarID) VALUES ('60f2e559-f41f-4bc5-8bfe-e36c5e62903a','0001-01-01 07:30:00.0000000','0001-01-01 08:00:00.0000000','87350096-a742-46be-9bce-185353d602f2');
INSERT INTO [DoctorSchedule] (ScheduleID,StartTime,EndTime,CalendarID) VALUES ('f1d5334c-10e9-4821-a5e9-327784775359','0001-01-01 08:00:00.0000000','0001-01-01 08:30:00.0000000','87350096-a742-46be-9bce-185353d602f2');
INSERT INTO [DoctorSchedule] (ScheduleID,StartTime,EndTime,CalendarID) VALUES ('2f1860a2-87d6-4838-8c51-fa08f18a5832','0001-01-01 08:30:00.0000000','0001-01-01 09:00:00.0000000','87350096-a742-46be-9bce-185353d602f2');
INSERT INTO [DoctorSchedule] (ScheduleID,StartTime,EndTime,CalendarID) VALUES ('e17e9e3f-5ac8-491d-8634-30d43092e2da','0001-01-01 09:00:00.0000000','0001-01-01 09:30:00.0000000','87350096-a742-46be-9bce-185353d602f2');
INSERT INTO [DoctorSchedule] (ScheduleID,StartTime,EndTime,CalendarID) VALUES ('af483324-6d02-4b82-8cee-b69d88f13113','0001-01-01 09:30:00.0000000','0001-01-01 10:00:00.0000000','87350096-a742-46be-9bce-185353d602f2');
INSERT INTO [DoctorSchedule] (ScheduleID,StartTime,EndTime,CalendarID) VALUES ('774b82c1-9937-420a-8cfb-43a7366376f2','0001-01-01 10:00:00.0000000','0001-01-01 10:30:00.0000000','87350096-a742-46be-9bce-185353d602f2');
INSERT INTO [DoctorSchedule] (ScheduleID,StartTime,EndTime,CalendarID) VALUES ('1c5ae4f5-3092-4cdb-b5ec-4402e27923c6','0001-01-01 10:30:00.0000000','0001-01-01 11:00:00.0000000','87350096-a742-46be-9bce-185353d602f2');
INSERT INTO [DoctorSchedule] (ScheduleID,StartTime,EndTime,CalendarID) VALUES ('c4948ac9-1305-4478-9310-f736bf47624e','0001-01-01 11:00:00.0000000','0001-01-01 11:30:00.0000000','87350096-a742-46be-9bce-185353d602f2');
INSERT INTO [DoctorSchedule] (ScheduleID,StartTime,EndTime,CalendarID) VALUES ('212f713e-5ea6-45b5-84c1-cff596b96bed','0001-01-01 11:30:00.0000000','0001-01-01 12:00:00.0000000','87350096-a742-46be-9bce-185353d602f2');
INSERT INTO [DoctorSchedule] (ScheduleID,StartTime,EndTime,CalendarID) VALUES ('c53d89a5-85a3-4424-bcbe-e920638cebd5','0001-01-01 12:00:00.0000000','0001-01-01 12:30:00.0000000','87350096-a742-46be-9bce-185353d602f2');
INSERT INTO [DoctorSchedule] (ScheduleID,StartTime,EndTime,CalendarID) VALUES ('c1a456f4-823f-45d3-bcc1-6e003fd9c0c8','0001-01-01 12:30:00.0000000','0001-01-01 13:00:00.0000000','87350096-a742-46be-9bce-185353d602f2');
INSERT INTO [DoctorSchedule] (ScheduleID,StartTime,EndTime,CalendarID) VALUES ('6016201f-9387-486a-96c1-f7ab602976d2','0001-01-01 13:00:00.0000000','0001-01-01 13:30:00.0000000','87350096-a742-46be-9bce-185353d602f2');
INSERT INTO [DoctorSchedule] (ScheduleID,StartTime,EndTime,CalendarID) VALUES ('0d6bc668-461e-4e1e-b9f1-a8d6f92a3797','0001-01-01 13:30:00.0000000','0001-01-01 14:00:00.0000000','87350096-a742-46be-9bce-185353d602f2');
INSERT INTO [DoctorSchedule] (ScheduleID,StartTime,EndTime,CalendarID) VALUES ('7d418a50-26b2-4476-9157-5f4a62325f83','0001-01-01 14:00:00.0000000','0001-01-01 14:30:00.0000000','87350096-a742-46be-9bce-185353d602f2');
INSERT INTO [DoctorSchedule] (ScheduleID,StartTime,EndTime,CalendarID) VALUES ('ab51107c-f131-4b37-a2e0-3356f03c64a9','0001-01-01 14:30:00.0000000','0001-01-01 15:00:00.0000000','87350096-a742-46be-9bce-185353d602f2');
INSERT INTO [DoctorSchedule] (ScheduleID,StartTime,EndTime,CalendarID) VALUES ('b3608bfa-54fb-4ef7-84b4-7c0fdaf9f731','0001-01-01 15:00:00.0000000','0001-01-01 15:30:00.0000000','87350096-a742-46be-9bce-185353d602f2');
INSERT INTO [DoctorSchedule] (ScheduleID,StartTime,EndTime,CalendarID) VALUES ('6816b574-1f54-45ed-ba00-9919b63b1e23','0001-01-01 15:30:00.0000000','0001-01-01 16:00:00.0000000','87350096-a742-46be-9bce-185353d602f2');
INSERT INTO [DoctorSchedule] (ScheduleID,StartTime,EndTime,CalendarID) VALUES ('d3bc21f5-a03a-4084-a72d-09bd85fffbdc','0001-01-01 16:00:00.0000000','0001-01-01 16:30:00.0000000','87350096-a742-46be-9bce-185353d602f2');
INSERT INTO [DoctorSchedule] (ScheduleID,StartTime,EndTime,CalendarID) VALUES ('77fb75c6-0fe3-4bff-aa83-c6dc8a78c18f','0001-01-01 16:30:00.0000000','0001-01-01 17:00:00.0000000','87350096-a742-46be-9bce-185353d602f2');
INSERT INTO [DoctorSchedule] (ScheduleID,StartTime,EndTime,CalendarID) VALUES ('cb269ca0-b9df-42f8-bec0-1f8f6aa19873','0001-01-01 17:00:00.0000000','0001-01-01 17:30:00.0000000','87350096-a742-46be-9bce-185353d602f2');
INSERT INTO [DoctorSchedule] (ScheduleID,StartTime,EndTime,CalendarID) VALUES ('18b11697-35ad-417b-b9b1-accb916b3320','0001-01-01 17:30:00.0000000','0001-01-01 18:00:00.0000000','87350096-a742-46be-9bce-185353d602f2');
INSERT INTO [DoctorSchedule] (ScheduleID,StartTime,EndTime,CalendarID) VALUES ('c1042b28-136d-434a-a870-e35769edac90','0001-01-01 07:00:00.0000000','0001-01-01 07:30:00.0000000','f28654af-b4d1-46d4-b0dc-9aee8fe0b46f');
INSERT INTO [DoctorSchedule] (ScheduleID,StartTime,EndTime,CalendarID) VALUES ('5d267160-7cd9-4612-a028-e8c55481335f','0001-01-01 07:30:00.0000000','0001-01-01 08:00:00.0000000','f28654af-b4d1-46d4-b0dc-9aee8fe0b46f');
INSERT INTO [DoctorSchedule] (ScheduleID,StartTime,EndTime,CalendarID) VALUES ('7c47c5e2-4b64-495a-8f95-603cfa42ed96','0001-01-01 08:00:00.0000000','0001-01-01 08:30:00.0000000','f28654af-b4d1-46d4-b0dc-9aee8fe0b46f');
INSERT INTO [DoctorSchedule] (ScheduleID,StartTime,EndTime,CalendarID) VALUES ('7e53e528-210e-416a-a33e-d6808bead098','0001-01-01 08:30:00.0000000','0001-01-01 09:00:00.0000000','f28654af-b4d1-46d4-b0dc-9aee8fe0b46f');
INSERT INTO [DoctorSchedule] (ScheduleID,StartTime,EndTime,CalendarID) VALUES ('fea4ddbb-a26d-4e58-b7e3-e83b293884c7','0001-01-01 09:00:00.0000000','0001-01-01 09:30:00.0000000','f28654af-b4d1-46d4-b0dc-9aee8fe0b46f');
INSERT INTO [DoctorSchedule] (ScheduleID,StartTime,EndTime,CalendarID) VALUES ('334578a0-ea97-4d80-bbec-1a910005892d','0001-01-01 09:30:00.0000000','0001-01-01 10:00:00.0000000','f28654af-b4d1-46d4-b0dc-9aee8fe0b46f');
INSERT INTO [DoctorSchedule] (ScheduleID,StartTime,EndTime,CalendarID) VALUES ('a9f5d319-6c1f-4403-8102-4f4e00c21069','0001-01-01 10:00:00.0000000','0001-01-01 10:30:00.0000000','f28654af-b4d1-46d4-b0dc-9aee8fe0b46f');
INSERT INTO [DoctorSchedule] (ScheduleID,StartTime,EndTime,CalendarID) VALUES ('4cd08ff6-fbd0-4f14-bb4e-9698410d3fca','0001-01-01 10:30:00.0000000','0001-01-01 11:00:00.0000000','f28654af-b4d1-46d4-b0dc-9aee8fe0b46f');
INSERT INTO [DoctorSchedule] (ScheduleID,StartTime,EndTime,CalendarID) VALUES ('1601df37-f795-4edb-8f35-e251f75c85c5','0001-01-01 11:00:00.0000000','0001-01-01 11:30:00.0000000','f28654af-b4d1-46d4-b0dc-9aee8fe0b46f');
INSERT INTO [DoctorSchedule] (ScheduleID,StartTime,EndTime,CalendarID) VALUES ('a3142e54-40b5-4de6-b2c7-353e7b2d4495','0001-01-01 11:30:00.0000000','0001-01-01 12:00:00.0000000','f28654af-b4d1-46d4-b0dc-9aee8fe0b46f');
INSERT INTO [DoctorSchedule] (ScheduleID,StartTime,EndTime,CalendarID) VALUES ('b47e0f27-b939-440f-ae51-940a73333244','0001-01-01 12:00:00.0000000','0001-01-01 12:30:00.0000000','f28654af-b4d1-46d4-b0dc-9aee8fe0b46f');
INSERT INTO [DoctorSchedule] (ScheduleID,StartTime,EndTime,CalendarID) VALUES ('977af236-f962-414c-8959-8c93fe31a32b','0001-01-01 12:30:00.0000000','0001-01-01 13:00:00.0000000','f28654af-b4d1-46d4-b0dc-9aee8fe0b46f');
INSERT INTO [DoctorSchedule] (ScheduleID,StartTime,EndTime,CalendarID) VALUES ('59fc4562-c49b-4d4e-a629-ac0e8f48c2e1','0001-01-01 13:00:00.0000000','0001-01-01 13:30:00.0000000','f28654af-b4d1-46d4-b0dc-9aee8fe0b46f');
INSERT INTO [DoctorSchedule] (ScheduleID,StartTime,EndTime,CalendarID) VALUES ('1fdeacd4-ded5-4b31-b462-d1ac4abc791a','0001-01-01 13:30:00.0000000','0001-01-01 14:00:00.0000000','f28654af-b4d1-46d4-b0dc-9aee8fe0b46f');
INSERT INTO [DoctorSchedule] (ScheduleID,StartTime,EndTime,CalendarID) VALUES ('591f4486-d33c-4516-be22-898d703e1277','0001-01-01 14:00:00.0000000','0001-01-01 14:30:00.0000000','f28654af-b4d1-46d4-b0dc-9aee8fe0b46f');
INSERT INTO [DoctorSchedule] (ScheduleID,StartTime,EndTime,CalendarID) VALUES ('e6599008-e325-43ab-90ad-2b55cd28e65c','0001-01-01 14:30:00.0000000','0001-01-01 15:00:00.0000000','f28654af-b4d1-46d4-b0dc-9aee8fe0b46f');
INSERT INTO [DoctorSchedule] (ScheduleID,StartTime,EndTime,CalendarID) VALUES ('b04dae8a-441e-42a6-ab6c-8bfb05160f79','0001-01-01 15:00:00.0000000','0001-01-01 15:30:00.0000000','f28654af-b4d1-46d4-b0dc-9aee8fe0b46f');
INSERT INTO [DoctorSchedule] (ScheduleID,StartTime,EndTime,CalendarID) VALUES ('4a050a54-f4de-4a82-89db-e8f8484287b2','0001-01-01 15:30:00.0000000','0001-01-01 16:00:00.0000000','f28654af-b4d1-46d4-b0dc-9aee8fe0b46f');
INSERT INTO [DoctorSchedule] (ScheduleID,StartTime,EndTime,CalendarID) VALUES ('8c9fdcd2-475a-46d3-b90a-db2e96ba0840','0001-01-01 16:00:00.0000000','0001-01-01 16:30:00.0000000','f28654af-b4d1-46d4-b0dc-9aee8fe0b46f');
INSERT INTO [DoctorSchedule] (ScheduleID,StartTime,EndTime,CalendarID) VALUES ('a75f3c80-fae0-44df-9bda-acb3724dec60','0001-01-01 16:30:00.0000000','0001-01-01 17:00:00.0000000','f28654af-b4d1-46d4-b0dc-9aee8fe0b46f');
INSERT INTO [DoctorSchedule] (ScheduleID,StartTime,EndTime,CalendarID) VALUES ('1cec9272-b1e6-4792-87af-8099299a9968','0001-01-01 17:00:00.0000000','0001-01-01 17:30:00.0000000','f28654af-b4d1-46d4-b0dc-9aee8fe0b46f');
INSERT INTO [DoctorSchedule] (ScheduleID,StartTime,EndTime,CalendarID) VALUES ('fa4e682d-dc9e-464e-aa04-5c5e26731b49','0001-01-01 17:30:00.0000000','0001-01-01 18:00:00.0000000','f28654af-b4d1-46d4-b0dc-9aee8fe0b46f');
INSERT INTO [DoctorSchedule] (ScheduleID,StartTime,EndTime,CalendarID) VALUES ('76fe45be-4c80-4099-94ec-1156f91a20b0','0001-01-01 07:00:00.0000000','0001-01-01 07:30:00.0000000','493f931d-c023-4266-bd8e-e1b87529e327');
INSERT INTO [DoctorSchedule] (ScheduleID,StartTime,EndTime,CalendarID) VALUES ('4c0b4215-86ab-4083-a0a0-fdb1bb71da97','0001-01-01 07:30:00.0000000','0001-01-01 08:00:00.0000000','493f931d-c023-4266-bd8e-e1b87529e327');
INSERT INTO [DoctorSchedule] (ScheduleID,StartTime,EndTime,CalendarID) VALUES ('c0ea3b65-8335-4e77-9a49-98b9abcdc946','0001-01-01 08:00:00.0000000','0001-01-01 08:30:00.0000000','493f931d-c023-4266-bd8e-e1b87529e327');
INSERT INTO [DoctorSchedule] (ScheduleID,StartTime,EndTime,CalendarID) VALUES ('52ef7755-54b3-47bf-b406-a445a6ddfa54','0001-01-01 08:30:00.0000000','0001-01-01 09:00:00.0000000','493f931d-c023-4266-bd8e-e1b87529e327');
INSERT INTO [DoctorSchedule] (ScheduleID,StartTime,EndTime,CalendarID) VALUES ('f36635d8-f7f3-496a-ad2a-263f41cf00dd','0001-01-01 09:00:00.0000000','0001-01-01 09:30:00.0000000','493f931d-c023-4266-bd8e-e1b87529e327');
INSERT INTO [DoctorSchedule] (ScheduleID,StartTime,EndTime,CalendarID) VALUES ('3d570b80-a5fe-4df3-9c5b-631061528cb7','0001-01-01 09:30:00.0000000','0001-01-01 10:00:00.0000000','493f931d-c023-4266-bd8e-e1b87529e327');
INSERT INTO [DoctorSchedule] (ScheduleID,StartTime,EndTime,CalendarID) VALUES ('673bb2f3-8ce4-4459-82af-f4fecf0c4e60','0001-01-01 10:00:00.0000000','0001-01-01 10:30:00.0000000','493f931d-c023-4266-bd8e-e1b87529e327');
INSERT INTO [DoctorSchedule] (ScheduleID,StartTime,EndTime,CalendarID) VALUES ('c25d1f4e-1ec1-4df1-8651-dbe37f2fadf0','0001-01-01 10:30:00.0000000','0001-01-01 11:00:00.0000000','493f931d-c023-4266-bd8e-e1b87529e327');
INSERT INTO [DoctorSchedule] (ScheduleID,StartTime,EndTime,CalendarID) VALUES ('2cecf09b-c61a-4f61-ab37-f8d740bb38ee','0001-01-01 11:00:00.0000000','0001-01-01 11:30:00.0000000','493f931d-c023-4266-bd8e-e1b87529e327');
INSERT INTO [DoctorSchedule] (ScheduleID,StartTime,EndTime,CalendarID) VALUES ('0ed232ce-9d38-4956-9108-4f8fa723829d','0001-01-01 11:30:00.0000000','0001-01-01 12:00:00.0000000','493f931d-c023-4266-bd8e-e1b87529e327');
INSERT INTO [DoctorSchedule] (ScheduleID,StartTime,EndTime,CalendarID) VALUES ('507f7b84-6286-4bfe-b9ee-c58efa4afb8e','0001-01-01 12:00:00.0000000','0001-01-01 12:30:00.0000000','493f931d-c023-4266-bd8e-e1b87529e327');
INSERT INTO [DoctorSchedule] (ScheduleID,StartTime,EndTime,CalendarID) VALUES ('84a3e5b6-821c-42c9-8232-3586ad2ce5fa','0001-01-01 12:30:00.0000000','0001-01-01 13:00:00.0000000','493f931d-c023-4266-bd8e-e1b87529e327');
INSERT INTO [DoctorSchedule] (ScheduleID,StartTime,EndTime,CalendarID) VALUES ('6928e992-6db3-4606-9f22-a7bbb4c78972','0001-01-01 13:00:00.0000000','0001-01-01 13:30:00.0000000','493f931d-c023-4266-bd8e-e1b87529e327');
INSERT INTO [DoctorSchedule] (ScheduleID,StartTime,EndTime,CalendarID) VALUES ('374043e5-c842-499d-b4bf-14f98792751e','0001-01-01 13:30:00.0000000','0001-01-01 14:00:00.0000000','493f931d-c023-4266-bd8e-e1b87529e327');
INSERT INTO [DoctorSchedule] (ScheduleID,StartTime,EndTime,CalendarID) VALUES ('1d10c818-05cd-4b3f-868c-3e2931c6e2dd','0001-01-01 14:00:00.0000000','0001-01-01 14:30:00.0000000','493f931d-c023-4266-bd8e-e1b87529e327');
INSERT INTO [DoctorSchedule] (ScheduleID,StartTime,EndTime,CalendarID) VALUES ('f5faab1e-3f73-48f8-a631-2100081cac07','0001-01-01 14:30:00.0000000','0001-01-01 15:00:00.0000000','493f931d-c023-4266-bd8e-e1b87529e327');
INSERT INTO [DoctorSchedule] (ScheduleID,StartTime,EndTime,CalendarID) VALUES ('13e35a3e-c732-4577-8def-51b36c370c6a','0001-01-01 15:00:00.0000000','0001-01-01 15:30:00.0000000','493f931d-c023-4266-bd8e-e1b87529e327');
INSERT INTO [DoctorSchedule] (ScheduleID,StartTime,EndTime,CalendarID) VALUES ('001cbd7f-a505-49f7-b115-ef3ef9c1b8e3','0001-01-01 15:30:00.0000000','0001-01-01 16:00:00.0000000','493f931d-c023-4266-bd8e-e1b87529e327');
INSERT INTO [DoctorSchedule] (ScheduleID,StartTime,EndTime,CalendarID) VALUES ('53c4e9fc-b05b-414b-ac80-c610146674ae','0001-01-01 16:00:00.0000000','0001-01-01 16:30:00.0000000','493f931d-c023-4266-bd8e-e1b87529e327');
INSERT INTO [DoctorSchedule] (ScheduleID,StartTime,EndTime,CalendarID) VALUES ('d8263dd6-f87f-4840-bbd2-9ce5cd84956e','0001-01-01 16:30:00.0000000','0001-01-01 17:00:00.0000000','493f931d-c023-4266-bd8e-e1b87529e327');
INSERT INTO [DoctorSchedule] (ScheduleID,StartTime,EndTime,CalendarID) VALUES ('29e79ee7-617c-47b0-9b79-a1ae4cd8e41e','0001-01-01 17:00:00.0000000','0001-01-01 17:30:00.0000000','493f931d-c023-4266-bd8e-e1b87529e327');
INSERT INTO [DoctorSchedule] (ScheduleID,StartTime,EndTime,CalendarID) VALUES ('a3754b3a-7e28-4c60-9e8a-3eff38325b8f','0001-01-01 17:30:00.0000000','0001-01-01 18:00:00.0000000','493f931d-c023-4266-bd8e-e1b87529e327');

Go

INSERT INTO [BookingDoctor] (BookingID,DoctorID,UserID,ProfileID,Price,BookingTime,BookingType,BookingStatus,RoomID,ScheduleID) VALUES ('73742fb3-bd80-4d17-9c3f-00799bdcd8ec','8edf474e-0fcb-49fc-9c9e-4e902c7472f2','63da4fe0-de4d-4c8e-b8c8-ec3202c20038','e1d2bbb8-d3ac-4806-bc85-41a2630433e9','100000','2023-07-28 13:32:12.0000000','0','1','7ee6f70b-d58e-49ab-b70d-6ad83b492e40','c71002c1-8b0f-4795-aed7-e6a9eae46acf');
INSERT INTO [BookingDoctor] (BookingID,DoctorID,UserID,ProfileID,Price,BookingTime,BookingType,BookingStatus,RoomID,ScheduleID) VALUES ('f0fa345b-5157-4d24-8017-a25bb62021d0','8edf474e-0fcb-49fc-9c9e-4e902c7472f2','42ce372a-7078-4a4c-93a3-c5000d58bff1','45a9d235-0845-42e8-854b-ca62ac06ba0e','100000','2023-08-01 13:32:12.0000001','1','1','00000000-0000-0000-0000-000000000000','22d41035-aa4e-4152-a608-ed56a028793a');
INSERT INTO [BookingDoctor] (BookingID,DoctorID,UserID,ProfileID,Price,BookingTime,BookingType,BookingStatus,RoomID,ScheduleID) VALUES ('5d7dd7aa-6588-43d4-9a36-1a268f05daea','8edf474e-0fcb-49fc-9c9e-4e902c7472f2','c36a9563-e078-4826-a2eb-ce8d9e70eb64','bbb518fe-c93d-4845-ab2b-db4bb8aa964f','100000','2023-07-23 09:12:12.0000001','0','2','150927e4-d59d-4d5e-86d3-f17136d1652f','a3743d2a-c0fd-422c-9f3f-920626d3c977');
INSERT INTO [BookingDoctor] (BookingID,DoctorID,UserID,ProfileID,Price,BookingTime,BookingType,BookingStatus,RoomID,ScheduleID) VALUES ('b87a73ae-3144-4eab-8cd9-0d61dac2de40','8edf474e-0fcb-49fc-9c9e-4e902c7472f2','f5dfd1eb-e828-4903-aaa9-ddd60642ef0e','77942dd9-ad18-49f2-8d4a-f0d7ecd616fd','100000','2023-07-24 11:22:12.0000001','0','3','e2e8b80c-9c08-4a82-89ad-6c1635e2b0e3','c0903d5c-8726-4926-b0e1-1fb2fc97164a');
INSERT INTO [BookingDoctor] (BookingID,DoctorID,UserID,ProfileID,Price,BookingTime,BookingType,BookingStatus,RoomID,ScheduleID) VALUES ('8d500128-fce3-435f-8383-f1e643226cd5','8edf474e-0fcb-49fc-9c9e-4e902c7472f2','bd64eb6b-1993-4ad7-ad81-f70eab00d869','245cd364-da20-4cc9-b97c-f659a4c73f8a','100000','2023-07-25 14:14:12.0000001','1','2','00000000-0000-0000-0000-000000000000','df7512a6-d526-457b-beed-1f31261097e0');
INSERT INTO [BookingDoctor] (BookingID,DoctorID,UserID,ProfileID,Price,BookingTime,BookingType,BookingStatus,RoomID,ScheduleID) VALUES ('90f332a8-a04f-4d63-bac4-f854df08b60a','b514b384-ed9c-4d68-90ae-4f437bdee6b9','25fec2c5-87c1-4ec4-9014-9515e5d8863b','9b5a9fab-8f64-449e-bd5d-ff9bba314431','100000','2023-07-26 07:11:12.0000001','0','3','1859260e-7d95-4e0e-b287-9235747c04c4','67fc5a8f-4011-4019-8fe9-e1eeeb769b59');
INSERT INTO [BookingDoctor] (BookingID,DoctorID,UserID,ProfileID,Price,BookingTime,BookingType,BookingStatus,RoomID,ScheduleID) VALUES ('699ca184-a384-4d39-8070-0ae2cfc34773','b514b384-ed9c-4d68-90ae-4f437bdee6b9','42ce372a-7078-4a4c-93a3-c5000d58bff1','35c78e79-f9ff-4d18-87a1-70a206e6fddb','100000','2023-07-27 09:12:12.0000001','1','1','00000000-0000-0000-0000-000000000000','e66152b9-0914-431d-964f-d8fbc44eae68');
INSERT INTO [BookingDoctor] (BookingID,DoctorID,UserID,ProfileID,Price,BookingTime,BookingType,BookingStatus,RoomID,ScheduleID) VALUES ('458b12c0-d5d7-4a4e-adf8-3b1f1475f125','b514b384-ed9c-4d68-90ae-4f437bdee6b9','42ce372a-7078-4a4c-93a3-c5000d58bff1','e09510d0-98a0-47f9-a332-73cb75742b0b','100000','2023-07-28 21:21:12.0000001','1','2','00000000-0000-0000-0000-000000000000','f13f3506-34e9-4f27-811f-3b3e0550697f');
INSERT INTO [BookingDoctor] (BookingID,DoctorID,UserID,ProfileID,Price,BookingTime,BookingType,BookingStatus,RoomID,ScheduleID) VALUES ('2a964f9d-6875-416c-9143-8727f283c08f','b514b384-ed9c-4d68-90ae-4f437bdee6b9','c36a9563-e078-4826-a2eb-ce8d9e70eb64','874e674c-7cc1-4551-8a58-75f2378f9aa7','100000','2023-07-29 06:37:12.0000001','0','3','41909012-ba0c-4f69-a88d-869604928a48','f9b5d4e8-4247-4dcb-b882-9e37f4a2602f');
INSERT INTO [BookingDoctor] (BookingID,DoctorID,UserID,ProfileID,Price,BookingTime,BookingType,BookingStatus,RoomID,ScheduleID) VALUES ('1024e651-e1ec-46dc-91e0-4504c9e25685','b514b384-ed9c-4d68-90ae-4f437bdee6b9','c36a9563-e078-4826-a2eb-ce8d9e70eb64','293d15fa-12e0-4408-b194-8312375bcaaa','100000','2023-07-23 09:12:12.0000001','1','1','00000000-0000-0000-0000-000000000000','ba2f6a3c-0660-4bba-8135-5ea7d67fe624');
INSERT INTO [BookingDoctor] (BookingID,DoctorID,UserID,ProfileID,Price,BookingTime,BookingType,BookingStatus,RoomID,ScheduleID) VALUES ('c93061ce-6d7b-4f11-a652-481889c5672f','f8f4c1f6-b620-42e6-9da9-54438bbd13c5','bd64eb6b-1993-4ad7-ad81-f70eab00d869','e07f41eb-00b0-4dc3-8c08-98c02956d4e7','100000','2023-07-24 11:22:12.0000001','0','1','a6898622-5dca-4e78-844c-9edea778eb4c','08f51d1a-04bf-4e56-b1da-41933fe39920');
INSERT INTO [BookingDoctor] (BookingID,DoctorID,UserID,ProfileID,Price,BookingTime,BookingType,BookingStatus,RoomID,ScheduleID) VALUES ('2ffe38e5-a125-4d0a-9689-3f4fbb6f6e94','f8f4c1f6-b620-42e6-9da9-54438bbd13c5','bd64eb6b-1993-4ad7-ad81-f70eab00d869','d67add11-294e-464d-8809-a9ae3194109a','100000','2023-07-25 14:14:12.0000001','0','2','bb42f8f5-ae8f-4de7-b672-fdeac95ed6e0','d7ebc292-21b9-446d-97f7-48e06c42b7d1');
INSERT INTO [BookingDoctor] (BookingID,DoctorID,UserID,ProfileID,Price,BookingTime,BookingType,BookingStatus,RoomID,ScheduleID) VALUES ('f00d4449-179f-4200-a0e8-f5765feae8ab','f8f4c1f6-b620-42e6-9da9-54438bbd13c5','25fec2c5-87c1-4ec4-9014-9515e5d8863b','2ad38fef-416b-401d-8885-b719cdabc0fa','100000','2023-07-26 07:11:12.0000001','1','3','00000000-0000-0000-0000-000000000000','bbd91098-4f79-49db-9d6f-634b3beb0c0a');
INSERT INTO [BookingDoctor] (BookingID,DoctorID,UserID,ProfileID,Price,BookingTime,BookingType,BookingStatus,RoomID,ScheduleID) VALUES ('3d9adb1f-cf78-4981-9b38-eb5d012777f0','f8f4c1f6-b620-42e6-9da9-54438bbd13c5','25fec2c5-87c1-4ec4-9014-9515e5d8863b','488de21c-8552-468e-b293-cbbfea3ba55b','100000','2023-07-27 09:12:12.0000001','0','2','5b555c08-db96-4a1d-ae47-b8d79446da41','dfbe21dc-7574-421b-b676-658493f07c94');
INSERT INTO [BookingDoctor] (BookingID,DoctorID,UserID,ProfileID,Price,BookingTime,BookingType,BookingStatus,RoomID,ScheduleID) VALUES ('cdbb4895-4d17-4087-b72e-f95088562bc9','f8f4c1f6-b620-42e6-9da9-54438bbd13c5','63da4fe0-de4d-4c8e-b8c8-ec3202c20038','6946f661-40d9-45e7-8527-5045522dd8c5','100000','2023-07-28 21:21:12.0000001','1','3','00000000-0000-0000-0000-000000000000','9eb1afaa-021c-4603-8066-01231080c761');
INSERT INTO [BookingDoctor] (BookingID,DoctorID,UserID,ProfileID,Price,BookingTime,BookingType,BookingStatus,RoomID,ScheduleID) VALUES ('2126ef81-c0ee-4ceb-9b79-65acad8d691f','5145193c-51dc-4fed-8aa9-8adc068b9c69','63da4fe0-de4d-4c8e-b8c8-ec3202c20038','9132f03d-c300-4725-b35a-7e364631eb7c','100000','2023-07-29 06:37:12.0000001','0','1','5c9a4bb9-f67d-46a4-8aef-6dbecfd2d422','343b3a2d-1de2-4513-9527-54cc71550f5f');
INSERT INTO [BookingDoctor] (BookingID,DoctorID,UserID,ProfileID,Price,BookingTime,BookingType,BookingStatus,RoomID,ScheduleID) VALUES ('698f7421-1b75-4972-a38d-966810c5c5fd','5145193c-51dc-4fed-8aa9-8adc068b9c69','63da4fe0-de4d-4c8e-b8c8-ec3202c20038','d88c45d5-382a-4a86-977c-8092c14e83f9','100000','2023-07-23 09:12:12.0000001','0','1','c3eddb29-6943-4de3-8861-be62ec82db28','bff77c0f-c056-4b7e-ab85-5df79f9edd35');
INSERT INTO [BookingDoctor] (BookingID,DoctorID,UserID,ProfileID,Price,BookingTime,BookingType,BookingStatus,RoomID,ScheduleID) VALUES ('4354676a-dfee-450b-a324-a0e76ffcd74e','5145193c-51dc-4fed-8aa9-8adc068b9c69','abac9d62-375e-42e9-898d-648864d34985','350af705-bd31-40ab-8b0f-3a064d4e3df9','100000','2023-07-24 11:22:12.0000001','1','2','00000000-0000-0000-0000-000000000000','d1b47d2e-7ef9-4bd3-87b4-1004416b1f24');
INSERT INTO [BookingDoctor] (BookingID,DoctorID,UserID,ProfileID,Price,BookingTime,BookingType,BookingStatus,RoomID,ScheduleID) VALUES ('151e7c17-16c4-4d45-a82f-36177cfbfea1','5145193c-51dc-4fed-8aa9-8adc068b9c69','ec3bdeb1-dfc1-442f-8b4b-68ee68cbc848','ac9c04ad-885e-4c73-b035-3e53b5e34284','100000','2023-07-25 14:14:12.0000001','0','3','3c34af3b-09b9-4a00-9f52-83abaef2a4b1','0cef55a8-536e-41bc-8eba-f8476a2c1f49');
INSERT INTO [BookingDoctor] (BookingID,DoctorID,UserID,ProfileID,Price,BookingTime,BookingType,BookingStatus,RoomID,ScheduleID) VALUES ('a8d2d649-0f31-4eb1-8eb8-6ca248c2ee6d','5145193c-51dc-4fed-8aa9-8adc068b9c69','9248a7b5-d937-48db-abe6-8ffeb3bf0d0e','295c36f4-54d7-4183-b6b1-450054047200','100000','2023-07-26 07:11:12.0000001','1','2','00000000-0000-0000-0000-000000000000','8873013e-b627-4370-a128-d0418f364594');
INSERT INTO [BookingDoctor] (BookingID,DoctorID,UserID,ProfileID,Price,BookingTime,BookingType,BookingStatus,RoomID,ScheduleID) VALUES ('c4f21505-34f5-490b-992f-9ca0583b80c1','5a504858-ec5d-4a7b-9c07-9302e6964bd9','6cc6f27f-ac78-464e-a519-a56798e38ae9','cd3e7605-81ac-4a97-9ca3-58ed958fb4b6','100000','2023-07-27 09:12:12.0000001','1','3','00000000-0000-0000-0000-000000000000','040e04bf-2d6c-4d9e-9684-2daf70d96ab2');
INSERT INTO [BookingDoctor] (BookingID,DoctorID,UserID,ProfileID,Price,BookingTime,BookingType,BookingStatus,RoomID,ScheduleID) VALUES ('e49b688c-1d3c-4058-9b69-598c679890d5','5a504858-ec5d-4a7b-9c07-9302e6964bd9','3480d242-8d09-43e8-910d-adbd9cb84012','ca44f559-803f-4daf-b024-9c870c62318e','100000','2023-07-28 21:21:12.0000001','0','1','f8e780c9-a32f-40b2-a445-e32dcc63da30','5fa1154d-30dd-4233-8344-94a0e292ec61');
INSERT INTO [BookingDoctor] (BookingID,DoctorID,UserID,ProfileID,Price,BookingTime,BookingType,BookingStatus,RoomID,ScheduleID) VALUES ('e3d63d32-35f1-4a63-a8a3-0cf8dbd14da6','5a504858-ec5d-4a7b-9c07-9302e6964bd9','be694904-b294-4c51-a0c4-db8ce8537dea','6ac68c37-0ae3-478f-9c22-9cf22fa3db1c','100000','2023-07-29 06:37:12.0000001','1','1','00000000-0000-0000-0000-000000000000','df494b1c-3d8b-49fc-b871-59740767df37');
INSERT INTO [BookingDoctor] (BookingID,DoctorID,UserID,ProfileID,Price,BookingTime,BookingType,BookingStatus,RoomID,ScheduleID) VALUES ('749eb878-63dc-4bb8-9ee0-915c363fd1e3','5a504858-ec5d-4a7b-9c07-9302e6964bd9','bb974f0d-9383-4502-bb94-fc1d0fc3eab6','9ad897ac-89d2-4ef0-be64-a7d58dfd5f8d','100000','2023-07-23 09:12:12.0000001','0','2','0b9e6a8d-40a8-472e-ba0b-95c48fe7fb66','ac6bd3e5-9fa6-41b3-87cc-c78a2aba99ec');
INSERT INTO [BookingDoctor] (BookingID,DoctorID,UserID,ProfileID,Price,BookingTime,BookingType,BookingStatus,RoomID,ScheduleID) VALUES ('375af8f9-024d-45c4-8fc1-43a0b3af2fb8','5a504858-ec5d-4a7b-9c07-9302e6964bd9','420f4420-7e8b-4100-943a-fededd5c4cde','f2427dc3-481e-4e31-8f81-d06526bdaf58','100000','2023-07-24 11:22:12.0000001','0','3','f667d71e-4572-4fc2-abea-b2d19e38cf5c','0f525703-3dc0-464a-bb8d-a2980434fc45');
INSERT INTO [BookingDoctor] (BookingID,DoctorID,UserID,ProfileID,Price,BookingTime,BookingType,BookingStatus,RoomID,ScheduleID) VALUES ('c1f060ff-baa1-40f9-a34a-6d4ef070eb73','8edf474e-0fcb-49fc-9c9e-4e902c7472f2','e304370f-3f72-44f1-af0e-6daaa9954ef8','1e7028e1-356c-429b-b5e1-1b6b130d5871','100000','2023-07-25 14:14:12.0000001','1','2','00000000-0000-0000-0000-000000000000','2ff2f88b-3020-47d9-92df-dfa423ee0695');
INSERT INTO [BookingDoctor] (BookingID,DoctorID,UserID,ProfileID,Price,BookingTime,BookingType,BookingStatus,RoomID,ScheduleID) VALUES ('3549e1e9-a055-406c-91fe-3dc966c5a740','8edf474e-0fcb-49fc-9c9e-4e902c7472f2','6057ce03-8923-47b0-b0cf-8bcb07f06b44','9a910220-9883-4b23-b0e2-1ecab6c46275','100000','2023-07-26 07:11:12.0000001','0','3','fbaae15a-7052-4458-8f48-68a45f013b53','03fce594-860c-4486-a96a-ec1491f540f2');
INSERT INTO [BookingDoctor] (BookingID,DoctorID,UserID,ProfileID,Price,BookingTime,BookingType,BookingStatus,RoomID,ScheduleID) VALUES ('5c2d25c4-377d-494e-abdc-d9d599c1e1c4','8edf474e-0fcb-49fc-9c9e-4e902c7472f2','9b0a2802-cac5-488f-843d-91d3adb99fbf','81a9cc52-7b67-4a61-8bcc-3782be771fce','100000','2023-07-27 09:12:12.0000001','1','1','00000000-0000-0000-0000-000000000000','58a074f7-fb2f-4a10-9f8c-78b8acc0a427');
INSERT INTO [BookingDoctor] (BookingID,DoctorID,UserID,ProfileID,Price,BookingTime,BookingType,BookingStatus,RoomID,ScheduleID) VALUES ('bd9e5145-671c-4cf5-ad29-4a1859434039','8edf474e-0fcb-49fc-9c9e-4e902c7472f2','50e7bae7-3a74-4232-ab4c-a30214f6c6b9','57d380f2-9ce4-4d07-9100-37b0dc0e32af','100000','2023-07-28 21:21:12.0000001','1','1','00000000-0000-0000-0000-000000000000','0e5b3540-d9af-42e5-abf7-a36c2438abad');
INSERT INTO [BookingDoctor] (BookingID,DoctorID,UserID,ProfileID,Price,BookingTime,BookingType,BookingStatus,RoomID,ScheduleID) VALUES ('4753de94-ea2a-4249-a9e3-e0e4b0c74db8','8edf474e-0fcb-49fc-9c9e-4e902c7472f2','9cce93e4-f88e-47fa-93ce-a6ec0569f76b','0231f164-2680-42f5-84fb-5f07428eaddd','100000','2023-07-29 06:37:12.0000001','0','2','3ecef33a-b6dd-4a92-9191-f5d9787abaa4','19244e45-d930-4119-a027-f6ea55fb5d84');
INSERT INTO [BookingDoctor] (BookingID,DoctorID,UserID,ProfileID,Price,BookingTime,BookingType,BookingStatus,RoomID,ScheduleID) VALUES ('016711a0-3c39-4f68-ab00-f7041f5f0f0d','b514b384-ed9c-4d68-90ae-4f437bdee6b9','bdd1b27d-5fbf-4a35-a5f4-b8cd47de498c','f3575ab5-1d36-426c-888c-6415324c3f0d','100000','2023-07-23 09:12:12.0000001','1','3','00000000-0000-0000-0000-000000000000','fe5fcb3b-52d2-4b1e-a430-721ce217018f');
INSERT INTO [BookingDoctor] (BookingID,DoctorID,UserID,ProfileID,Price,BookingTime,BookingType,BookingStatus,RoomID,ScheduleID) VALUES ('f117b11a-226f-449d-a584-6527cd02f63d','b514b384-ed9c-4d68-90ae-4f437bdee6b9','fe9c4099-9b05-45dd-a299-c408ba574878','4b6f23f7-a4e2-47d8-a933-83d52ba8d9b7','100000','2023-07-24 11:22:12.0000001','0','1','20662731-62a4-4f79-9b0d-3c11331ee5db','7e524857-f9d6-4441-9d4c-9ae1c9d5ab0f');
INSERT INTO [BookingDoctor] (BookingID,DoctorID,UserID,ProfileID,Price,BookingTime,BookingType,BookingStatus,RoomID,ScheduleID) VALUES ('84c8bd0e-de8f-49a3-8f2a-42834168dd0d','b514b384-ed9c-4d68-90ae-4f437bdee6b9','826e96cd-e68e-4e21-b17f-d5adc5545872','bde3df23-94a5-4d12-8342-07307ceca903','100000','2023-07-25 14:14:12.0000001','1','2','00000000-0000-0000-0000-000000000000','f6046dff-a26e-44d1-96ab-8d566f9ed2e1');
INSERT INTO [BookingDoctor] (BookingID,DoctorID,UserID,ProfileID,Price,BookingTime,BookingType,BookingStatus,RoomID,ScheduleID) VALUES ('828114b8-c119-4a00-b798-500620c0dfd7','b514b384-ed9c-4d68-90ae-4f437bdee6b9','5a49af6d-19cb-4b15-9456-e3a1a9a083f7','a0bccb90-a68c-42c1-bf36-2a20f85a6fb0','100000','2023-07-26 07:11:12.0000001','1','3','00000000-0000-0000-0000-000000000000','d1d4fc03-afb6-4d0f-b707-487e55880ad6');
INSERT INTO [BookingDoctor] (BookingID,DoctorID,UserID,ProfileID,Price,BookingTime,BookingType,BookingStatus,RoomID,ScheduleID) VALUES ('b83439f9-ea8f-4059-bea3-75ad936cbb36','b514b384-ed9c-4d68-90ae-4f437bdee6b9','ca064e23-1ce0-4ca8-b045-ea8cf23bbc8c','2590134e-c741-405e-ba2a-2be38a27d8bc','100000','2023-07-27 09:12:12.0000001','0','2','cdf97b5b-95da-4140-9a59-1f2ab7a072c7','490fbb51-94d3-40cd-bf87-64209de565e4');
INSERT INTO [BookingDoctor] (BookingID,DoctorID,UserID,ProfileID,Price,BookingTime,BookingType,BookingStatus,RoomID,ScheduleID) VALUES ('edc2153a-f599-4814-8a59-545cd1c65946','f8f4c1f6-b620-42e6-9da9-54438bbd13c5','bdd1b27d-5fbf-4a35-a5f4-b8cd47de498c','f3575ab5-1d36-426c-888c-6415324c3f0d','100000','2023-07-28 21:21:12.0000001','1','3','00000000-0000-0000-0000-000000000000','bb322683-1f2e-4e31-a7ea-8c769ba4a5f6');
INSERT INTO [BookingDoctor] (BookingID,DoctorID,UserID,ProfileID,Price,BookingTime,BookingType,BookingStatus,RoomID,ScheduleID) VALUES ('edd2ecd9-5890-4b59-a07f-1b25bebda8c1','f8f4c1f6-b620-42e6-9da9-54438bbd13c5','fe9c4099-9b05-45dd-a299-c408ba574878','4b6f23f7-a4e2-47d8-a933-83d52ba8d9b7','100000','2023-07-29 06:37:12.0000001','1','1','00000000-0000-0000-0000-000000000000','cc893a8b-da26-41d5-b73f-54721c5da40d');
INSERT INTO [BookingDoctor] (BookingID,DoctorID,UserID,ProfileID,Price,BookingTime,BookingType,BookingStatus,RoomID,ScheduleID) VALUES ('b436b1fb-8e9c-42e7-b009-fbff1345b812','f8f4c1f6-b620-42e6-9da9-54438bbd13c5','826e96cd-e68e-4e21-b17f-d5adc5545872','bde3df23-94a5-4d12-8342-07307ceca903','100000','2023-07-23 09:12:12.0000001','0','1','bc773941-302c-44fa-a5ac-6b81abb674b6','b8bb26b0-4193-45f6-9840-dff49597763f');
INSERT INTO [BookingDoctor] (BookingID,DoctorID,UserID,ProfileID,Price,BookingTime,BookingType,BookingStatus,RoomID,ScheduleID) VALUES ('92cbe2b2-91a8-4645-aa16-ce921d4cc2dc','f8f4c1f6-b620-42e6-9da9-54438bbd13c5','5a49af6d-19cb-4b15-9456-e3a1a9a083f7','a0bccb90-a68c-42c1-bf36-2a20f85a6fb0','100000','2023-07-24 11:22:12.0000001','1','2','00000000-0000-0000-0000-000000000000','ba5bfaed-4e35-474e-ab3e-955f9fc92abd');
INSERT INTO [BookingDoctor] (BookingID,DoctorID,UserID,ProfileID,Price,BookingTime,BookingType,BookingStatus,RoomID,ScheduleID) VALUES ('8b8935b9-01cb-4285-ba33-9e075ee2af83','f8f4c1f6-b620-42e6-9da9-54438bbd13c5','ca064e23-1ce0-4ca8-b045-ea8cf23bbc8c','2590134e-c741-405e-ba2a-2be38a27d8bc','100000','2023-07-25 14:14:12.0000001','1','3','00000000-0000-0000-0000-000000000000','f13011fd-6b2e-432c-a0f9-5d0f9f8b46ce');

INSERT INTO [BookingDoctor] (BookingID,DoctorID,UserID,ProfileID,Price,BookingTime,BookingType,BookingStatus,RoomID,ScheduleID) 
VALUES ('3406edc0-e136-417f-99c9-b1041cf6a45b','5145193c-51dc-4fed-8aa9-8adc068b9c69','ca064e23-1ce0-4ca8-b045-ea8cf23bbc8c','9ae8d896-2a86-4cef-a3ac-a819907d699b','100000','2023-07-26 07:11:12.0000001','1','3','00000000-0000-0000-0000-000000000000','8fdfb8fd-d8f3-4dc7-880c-97ef3d15e674');
INSERT INTO [BookingDoctor] (BookingID,DoctorID,UserID,ProfileID,Price,BookingTime,BookingType,BookingStatus,RoomID,ScheduleID) 
VALUES ('25c25866-b52c-4067-9295-a3eae34221f4','5145193c-51dc-4fed-8aa9-8adc068b9c69','ca064e23-1ce0-4ca8-b045-ea8cf23bbc8c','fd504cdf-e8bc-456a-a5fa-9b394e9bb810','100000','2023-07-26 07:12:12.0000001','1','3','00000000-0000-0000-0000-000000000000','c056459f-e6e1-48aa-a2c2-efe6c08996fd');
INSERT INTO [BookingDoctor] (BookingID,DoctorID,UserID,ProfileID,Price,BookingTime,BookingType,BookingStatus,RoomID,ScheduleID) 
VALUES ('b325fd54-458d-4d8d-8cdb-ddbaa533bcc4','5145193c-51dc-4fed-8aa9-8adc068b9c69','ca064e23-1ce0-4ca8-b045-ea8cf23bbc8c','9ae8d896-2a86-4cef-a3ac-a819907d699b','100000','2023-07-26 07:13:12.0000001','1','1','00000000-0000-0000-0000-000000000000','969fbe20-6f27-45a3-8329-7fc0c3510f68');
INSERT INTO [BookingDoctor] (BookingID,DoctorID,UserID,ProfileID,Price,BookingTime,BookingType,BookingStatus,RoomID,ScheduleID) 
VALUES ('79c2f896-c6c0-4d85-a6ee-44a61580cd7a','5145193c-51dc-4fed-8aa9-8adc068b9c69','ca064e23-1ce0-4ca8-b045-ea8cf23bbc8c','fd504cdf-e8bc-456a-a5fa-9b394e9bb810','100000','2023-07-26 07:14:12.0000001','1','1','00000000-0000-0000-0000-000000000000','432c3f0b-3428-44a8-88f0-b31a26c22a5e');
INSERT INTO [BookingDoctor] (BookingID,DoctorID,UserID,ProfileID,Price,BookingTime,BookingType,BookingStatus,RoomID,ScheduleID) 
VALUES ('d8edd716-f2ec-4b22-a7c4-42544da48792','5145193c-51dc-4fed-8aa9-8adc068b9c69','ca064e23-1ce0-4ca8-b045-ea8cf23bbc8c','bd4296d8-5537-48c4-a016-5138edb64e89','100000','2023-07-26 07:15:12.0000001','1','1','00000000-0000-0000-0000-000000000000','43d088da-6fa4-4ca1-967c-f69a2547ae1d');
